user_id,recomendations
1,"[1082185, 840361, 1004906, 995242, 986947]"
2,"[1133018, 1106523, 916122, 940947, 901062]"
3,"[1082185, 1106523, 1133018, 1092026, 938700]"
6,"[1082185, 849843, 845208, 5569230, 840361]"
7,"[1082185, 5568378, 1022003, 938700, 1013321]"
8,"[1082185, 5569471, 5569230, 840361, 1005186]"
9,"[1029743, 1070820, 5569230, 849843, 962229]"
10,"[1082185, 899624, 1106523, 868764, 1113588]"
13,"[6534178, 1082185, 951590, 1029743, 995242]"
14,"[951590, 981760, 1029743, 6534178, 844165]"
15,"[1082185, 995242, 1070820, 1029743, 923746]"
16,"[1082185, 1106523, 995242, 1029743, 951590]"
18,"[1082185, 6533889, 995242, 840361, 847270]"
19,"[6534178, 826249, 1029743, 1070015, 1106523]"
20,"[6534178, 6533765, 995965, 883404, 840361]"
21,"[1029743, 1106523, 6534178, 896369, 6034857]"
22,"[6534178, 1082185, 826249, 995965, 1070820]"
23,"[1029743, 995242, 6534178, 1075368, 981760]"
24,"[1133018, 1106523, 844165, 908531, 883404]"
25,"[1029743, 5568378, 995242, 1082185, 1133018]"
26,"[1029743, 994928, 995242, 1070015, 923746]"
27,"[1082185, 918733, 1077555, 987562, 833025]"
28,"[913785, 916122, 1005186, 6534178, 940947]"
29,"[1029743, 995242, 883404, 1044078, 925626]"
30,"[1106523, 6534178, 923746, 1005186, 903325]"
31,"[6534178, 1126899, 1070820, 1058997, 845208]"
32,"[1058997, 6534178, 1005186, 6034857, 901062]"
33,"[1106523, 6534178, 1005186, 986912, 1096036]"
34,"[6534178, 883404, 986912, 999971, 1065593]"
35,"[1029743, 6534178, 1058997, 940947, 908531]"
36,"[962229, 1029743, 995242, 883404, 826249]"
37,"[844165, 6534178, 1092026, 1106523, 6533889]"
39,"[1082185, 1126899, 995785, 923746, 883404]"
40,"[1082185, 6534178, 1037863, 961554, 840361]"
41,"[976998, 1082185, 1126899, 909714, 12810393]"
42,"[1082185, 981760, 916122, 976998, 994928]"
43,"[1120741, 1053690, 844165, 879755, 1133018]"
46,"[1082185, 995242, 1029743, 826249, 1127831]"
47,"[995242, 995785, 1005186, 951590, 866211]"
49,"[1082185, 6534178, 5569471, 962229, 893501]"
50,"[1106523, 995242, 1133018, 908531, 883404]"
51,"[1029743, 1005186, 981760, 951590, 962229]"
52,"[1082185, 6534178, 995785, 1133018, 1106523]"
53,"[1058997, 5569471, 6534178, 6034857, 976998]"
55,"[844165, 871756, 849843, 995242, 951590]"
56,"[1082185, 979707, 981760, 1101010, 1058997]"
57,"[995785, 986912, 1133018, 6534178, 908531]"
58,"[1082185, 6534178, 862349, 1070820, 1127831]"
59,"[845208, 981760, 834484, 995785, 1133018]"
62,"[1082185, 1029743, 1106523, 995242, 1133018]"
63,"[1082185, 1029743, 1106523, 995242, 1133018]"
64,"[1065593, 840361, 1133018, 951590, 976998]"
65,"[1082185, 1029743, 844165, 1070820, 962229]"
67,"[6534178, 1029743, 951590, 833025, 933835]"
68,"[1029743, 995242, 883404, 6534178, 951590]"
69,"[1133018, 5592931, 1106523, 951590, 1044078]"
70,"[1082185, 1029743, 1106523, 995242, 6534178]"
71,"[1056509, 908531, 1029743, 899624, 951590]"
72,"[1082185, 860776, 5585510, 1070820, 1028816]"
75,"[480014, 1082185, 1029743, 995242, 6534178]"
77,"[1082185, 908531, 1106523, 1003188, 981760]"
78,"[1082185, 923746, 1003188, 1120741, 849843]"
79,"[1082185, 923746, 6533889, 1070820, 1070015]"
80,"[1082185, 866211, 1005186, 995242, 6534178]"
81,"[1029743, 999971, 844165, 909894, 1096036]"
82,"[1082185, 1029743, 6534178, 5569230, 860776]"
83,"[1082185, 6534178, 923746, 5592931, 1065593]"
84,"[1082185, 995242, 5569471, 951590, 976998]"
85,"[995242, 6534178, 1075368, 961554, 986912]"
86,"[1133018, 1005186, 1039156, 866227, 951590]"
87,"[1082185, 1029743, 1106523, 979707, 995242]"
88,"[962229, 981760, 1075368, 6534178, 8090521]"
90,"[986912, 1082185, 1029743, 995242, 6534178]"
91,"[1082185, 1029743, 6534178, 845208, 1058997]"
92,"[845208, 1058997, 962568, 1082185, 860776]"
94,"[1082185, 979707, 6534178, 1044078, 976199]"
95,"[1082185, 981760, 995242, 1029743, 849843]"
97,"[995242, 1096036, 962229, 6534178, 1075368]"
98,"[1124729, 862349, 1070015, 844165, 994928]"
99,"[995242, 6034857, 1082185, 883404, 908531]"
100,"[908531, 6534178, 849843, 981760, 916122]"
101,"[6534178, 951590, 6533765, 1106523, 5569845]"
103,"[1106523, 5569471, 883404, 1092026, 986912]"
104,"[1082185, 1029743, 962568, 5569471, 5569230]"
105,"[909894, 961554, 995242, 1005186, 1004906]"
106,"[6534178, 849843, 5569230, 6034857, 1028816]"
107,"[1106523, 1133018, 6534178, 5569230, 981760]"
109,"[1082185, 1058997, 961554, 840361, 1126899]"
110,"[1070015, 995785, 860975, 1133018, 927191]"
111,"[1106523, 1133018, 833025, 901062, 847982]"
112,"[6534178, 933835, 1039156, 1028816, 5569471]"
113,"[6534178, 840361, 862349, 1082185, 1070820]"
114,"[1029743, 916122, 995242, 6534178, 1070820]"
115,"[6534178, 908531, 862349, 1098066, 983584]"
116,"[5569471, 1071939, 5569230, 1133018, 908531]"
117,"[1082185, 862349, 951590, 995242, 1058997]"
118,"[1082185, 6534178, 995785, 1058997, 849843]"
119,"[995242, 1077555, 908531, 981760, 1082185]"
121,"[1029743, 995242, 923746, 5568378, 1044078]"
122,"[940947, 5569230, 1005186, 916122, 1065593]"
123,"[1056509, 981760, 1005186, 849843, 1058997]"
124,"[1106523, 1133018, 883404, 833025, 1092026]"
125,"[995242, 6534178, 1029743, 868764, 844165]"
126,"[1029743, 995242, 844165, 1044078, 1092026]"
127,"[6534178, 1075368, 995242, 1044078, 854852]"
128,"[1082185, 1070820, 6534166, 986912, 903325]"
131,"[1082185, 923746, 995242, 1029743, 981760]"
132,"[1082185, 1022254, 1096036, 860776, 854852]"
133,"[1082185, 979707, 961554, 995242, 1133018]"
134,"[1101010, 995242, 1106523, 5569471, 5569230]"
135,"[986912, 862349, 866227, 826249, 840361]"
136,"[8090537, 1133018, 1106523, 1096036, 1029624]"
138,"[1082185, 1070820, 995785, 862349, 1080414]"
139,"[1082185, 6534178, 1095275, 1058997, 909894]"
140,"[1106523, 1133018, 844165, 1092026, 951590]"
141,"[6534166, 995785, 824005, 866211, 834484]"
142,"[1082185, 1058997, 995242, 1070015, 953476]"
143,"[844165, 995242, 1133018, 1106523, 5569230]"
146,"[1029743, 995242, 1126899, 6534178, 896369]"
151,"[1029743, 995242, 1126899, 6533889, 5569230]"
153,"[1058997, 1026118, 981760, 938700, 916122]"
156,"[1082185, 908531, 6534178, 1075368, 1005186]"
157,"[1082185, 1058997, 962229, 981760, 844165]"
158,"[862349, 909894, 1070820, 1082185, 995242]"
159,"[923746, 1096036, 994928, 849843, 1098066]"
160,"[1070820, 1005186, 986912, 6034857, 962229]"
161,"[5568378, 995242, 868764, 1098066, 953476]"
162,"[916122, 834484, 6034857, 1070820, 1029743]"
164,"[1029743, 849843, 883404, 995242, 833025]"
166,"[1053690, 951590, 5568378, 1029743, 1075368]"
167,"[1082185, 908531, 995242, 6534178, 5569230]"
168,"[1082185, 1029743, 1133018, 6534166, 995785]"
169,"[1082185, 1029743, 1106523, 995242, 6534178]"
171,"[908531, 1029743, 1044078, 1005186, 976998]"
172,"[6534178, 849843, 5569230, 6533765, 1098066]"
174,"[1043590, 1133018, 5569230, 883404, 1038217]"
178,"[8090521, 873627, 1098066, 1092026, 1085604]"
183,"[1106523, 1028816, 860776, 908846, 916381]"
184,"[6534178, 987562, 981760, 923746, 1075368]"
185,"[844165, 868764, 8090537, 1029743, 6534178]"
187,"[1082185, 1133018, 908531, 5569230, 951590]"
188,"[1106523, 1133018, 844165, 923746, 1005186]"
190,"[1029743, 833025, 995785, 951590, 1110572]"
191,"[1082185, 1029743, 994928, 914190, 6534178]"
192,"[995242, 826249, 1029743, 1053690, 5569230]"
193,"[6534178, 1106523, 8090537, 1029743, 995242]"
194,"[961554, 995785, 903325, 834484, 878996]"
195,"[1029743, 1082185, 981760, 995242, 6534178]"
196,"[1053690, 962229, 1098066, 1106523, 883404]"
197,"[1082185, 1126899, 844165, 986912, 951590]"
198,"[1029743, 1106523, 1133018, 873627, 1065593]"
199,"[1058997, 927191, 995242, 1070015, 1005186]"
200,"[1126899, 923746, 883404, 5568378, 1110572]"
201,"[5568378, 1082185, 6034857, 999971, 1133018]"
202,"[1029743, 6533889, 5569230, 849843, 962229]"
203,"[1070820, 927191, 1029743, 5569471, 1058997]"
204,"[979707, 1070820, 923746, 1005186, 6034857]"
205,"[1082185, 1026118, 1106523, 981760, 1028816]"
208,"[862349, 1070820, 981760, 6534178, 1037863]"
209,"[1029743, 6533765, 923746, 6534178, 995242]"
210,"[1082185, 1106523, 849843, 860776, 860975]"
211,"[1082185, 962229, 951590, 844165, 1133018]"
212,"[1082185, 860776, 995242, 1029743, 951590]"
213,"[868764, 1026118, 1044078, 986912, 5568378]"
214,"[1082185, 901062, 862349, 1126899, 860776]"
215,"[1082185, 994928, 995785, 1005186, 1404121]"
216,"[866227, 986912, 1005186, 1022003, 916122]"
217,"[1082185, 995242, 6534178, 951590, 986912]"
218,"[962568, 834484, 860776, 6534178, 995242]"
219,"[1082185, 981760, 862349, 951590, 5569471]"
220,"[995242, 847982, 6534178, 909894, 6534166]"
221,"[994928, 1133018, 995242, 840361, 6533889]"
222,"[1082185, 878996, 5590287, 847982, 866211]"
224,"[995242, 908531, 866227, 883404, 1029743]"
225,"[1029743, 1133018, 911812, 951590, 1065593]"
226,"[1029743, 995242, 6534178, 1065593, 834484]"
227,"[1082185, 1058997, 908531, 6534178, 1065593]"
228,"[6534178, 1095275, 1058997, 866227, 1082185]"
230,"[8090537, 6534178, 1044078, 1029743, 1005186]"
232,"[6534178, 6533765, 995242, 923746, 1029743]"
233,"[1082185, 1029743, 1106523, 995242, 1133018]"
235,"[1070820, 6534178, 862349, 983584, 1082185]"
236,"[5569471, 1126899, 914190, 1075368, 857849]"
239,"[1133018, 834484, 999971, 1120741, 976998]"
240,"[1082185, 1029743, 1106523, 995242, 1133018]"
241,"[1082185, 5569230, 1026118, 995785, 1028816]"
242,"[1029743, 883404, 1081177, 854852, 995785]"
243,"[6534178, 6034857, 860776, 909714, 961554]"
244,"[1082185, 1133018, 849843, 1070015, 909894]"
245,"[908531, 923746, 847982, 6534178, 995242]"
246,"[1070820, 1005186, 849843, 951590, 862349]"
247,"[1082185, 901062, 1077555, 8090537, 1133018]"
248,"[1082185, 1126899, 1058997, 849843, 840361]"
249,"[995242, 1029743, 965766, 994928, 1053690]"
250,"[1029743, 8090537, 995242, 951590, 844165]"
251,"[1070820, 883404, 840361, 995242, 999971]"
252,"[1082185, 1029743, 1106523, 995242, 6534178]"
253,"[923746, 5568378, 951590, 1133018, 1062966]"
254,"[1106523, 1022003, 845208, 1085604, 1022254]"
256,"[5568378, 862349, 1098066, 5569230, 962229]"
257,"[994928, 883404, 1070015, 859075, 1106523]"
258,"[1070820, 995242, 1120741, 849843, 862349]"
259,"[940947, 953476, 976998, 879755, 1098066]"
260,"[1070820, 6534166, 1026118, 1028816, 981760]"
262,"[1082185, 1058997, 849843, 981760, 986912]"
263,"[1082185, 994928, 940947, 995242, 951590]"
264,"[6534178, 849843, 995965, 5569230, 962568]"
265,"[1058997, 908531, 923746, 1005186, 1092026]"
266,"[1082185, 1058997, 5569471, 1126899, 981760]"
267,"[1082185, 1029743, 1106523, 995242, 6534178]"
268,"[1058997, 995242, 923746, 5569230, 1075368]"
269,"[1106523, 1133018, 981760, 962229, 965766]"
270,"[1106523, 1058997, 5569471, 5569230, 986912]"
271,"[1058997, 1126899, 883404, 1005186, 986912]"
273,"[883404, 840361, 1005186, 1110572, 1106523]"
274,"[1082185, 1106523, 979707, 1070015, 883404]"
275,"[1082185, 849843, 868764, 6534178, 1106523]"
276,"[6534178, 1022003, 995242, 847982, 951590]"
278,"[883404, 995785, 1092026, 6034857, 824005]"
280,"[1133018, 1044078, 6534178, 1106523, 981760]"
281,"[1082185, 1070820, 995785, 854852, 862349]"
282,"[6534178, 995785, 916122, 909714, 860776]"
283,"[1082185, 5569471, 961554, 826249, 862349]"
284,"[1029743, 883404, 1075368, 5592931, 1085604]"
285,"[1082185, 981760, 923746, 849843, 995242]"
286,"[1082185, 5569230, 901062, 866211, 1098066]"
287,"[927191, 883404, 995785, 1070015, 6534178]"
288,"[1082185, 995785, 1026118, 1070820, 6534178]"
289,"[1082185, 6533889, 986947, 981760, 860776]"
290,"[923746, 1029743, 1068719, 995242, 962229]"
291,"[1113588, 879755, 1005186, 1106523, 844165]"
292,"[1106523, 995242, 1133018, 844165, 981760]"
294,"[834484, 1133018, 860776, 995785, 1106523]"
297,"[1082185, 908531, 995242, 844165, 883404]"
300,"[923746, 1106523, 962229, 1029743, 916122]"
301,"[1082185, 995242, 6034857, 874972, 1029743]"
302,"[1082185, 1070820, 866211, 961554, 1080414]"
303,"[951590, 995242, 1082185, 908531, 5569230]"
304,"[1082185, 1029743, 995242, 868764, 6534178]"
305,"[995242, 868764, 6534178, 844165, 976998]"
306,"[923746, 995242, 1037863, 961554, 6534178]"
307,"[994928, 6534178, 845208, 1039156, 981760]"
308,"[1003600, 1058997, 1065593, 1110572, 5569230]"
311,"[1082185, 1106523, 844165, 1005186, 6034857]"
312,"[1082185, 986912, 866211, 961554, 866227]"
314,"[1082185, 883404, 1013321, 893018, 981760]"
316,"[995785, 1081177, 995242, 5592931, 1044078]"
317,"[1029743, 1082185, 951590, 983584, 8090521]"
318,"[5569230, 962229, 914190, 1106523, 833025]"
321,"[1082185, 1056509, 1058997, 901062, 986912]"
322,"[862349, 923746, 1082185, 1070820, 1058997]"
323,"[1082185, 1029743, 1106523, 995242, 1133018]"
324,"[1082185, 6534178, 903325, 901062, 840361]"
325,"[5569471, 5569230, 1029743, 995242, 951590]"
326,"[8090537, 8090521, 1082185, 908531, 995242]"
327,"[1106523, 1133018, 908531, 883404, 981760]"
328,"[979707, 1028816, 908846, 878996, 1070820]"
329,"[1082185, 1003600, 820165, 901062, 1095275]"
330,"[995242, 6534178, 1005186, 849843, 986912]"
331,"[1029743, 1106523, 1070820, 844165, 1075368]"
332,"[995242, 1070820, 1029743, 862349, 961554]"
333,"[1106523, 940947, 1133018, 883404, 1044078]"
334,"[1082185, 860975, 847982, 854852, 860776]"
338,"[1133018, 1026118, 1082185, 1028816, 860776]"
339,"[1082185, 1106523, 1133018, 923746, 1044078]"
342,"[899624, 1029743, 1070820, 883404, 1005186]"
343,"[1082185, 995242, 844165, 923746, 1028816]"
345,"[1082185, 883404, 995242, 840361, 1029743]"
346,"[1037863, 1082185, 981760, 826249, 995242]"
347,"[5569471, 1133018, 1126899, 923746, 951590]"
348,"[981760, 1056509, 999971, 845208, 1096036]"
349,"[1106523, 5569471, 1133018, 1126899, 995785]"
350,"[873627, 962568, 860776, 1085604, 951590]"
351,"[1082185, 951590, 1133018, 840361, 1106523]"
353,"[979707, 866211, 908846, 923746, 909714]"
354,"[859075, 951590, 1133018, 916122, 962229]"
356,"[995242, 1029743, 6534178, 849843, 883404]"
357,"[1126899, 999971, 1058997, 849843, 916122]"
358,"[5569230, 981760, 834484, 1106523, 854852]"
360,"[1082185, 995242, 1113588, 1005186, 5568378]"
361,"[1082185, 5569230, 962229, 1101010, 1133018]"
362,"[986912, 847982, 1022254, 923746, 866227]"
364,"[1106523, 1092026, 965766, 1096036, 1004906]"
365,"[1082185, 1022003, 995785, 986912, 6534178]"
366,"[1106523, 1133018, 883404, 1044078, 1092026]"
367,"[1082185, 1070820, 862349, 961554, 5569471]"
369,"[1126899, 1044078, 1005186, 981760, 866211]"
371,"[1082185, 995242, 860776, 1029743, 840361]"
373,"[1082185, 1029743, 1106523, 995242, 1133018]"
374,"[1082185, 1029743, 923746, 849843, 901062]"
375,"[1029743, 1106523, 914190, 6534178, 849843]"
376,"[953476, 1044078, 965766, 1133018, 849843]"
377,"[1082185, 840361, 995785, 961554, 1029743]"
378,"[1082185, 1005186, 6534178, 860776, 986912]"
380,"[1106523, 1133018, 1065593, 951590, 923746]"
381,"[859075, 883404, 1075368, 1081177, 995242]"
382,"[1029743, 995242, 5569471, 908531, 6534178]"
383,"[6534178, 1082185, 1126899, 1058997, 979707]"
384,"[1075368, 995785, 1082185, 6534178, 1058997]"
385,"[860776, 1058997, 995785, 6034857, 903325]"
386,"[826249, 1092026, 1095275, 883404, 849843]"
387,"[1126899, 862139, 1058997, 844165, 923746]"
388,"[1029743, 995242, 908531, 849843, 860975]"
389,"[1082185, 6533889, 845208, 1058997, 1126899]"
390,"[951590, 5569230, 995242, 844165, 1053690]"
392,"[1082185, 981760, 916122, 940947, 1022254]"
393,"[1065593, 995242, 999971, 883404, 1029743]"
394,"[1082185, 834484, 901062, 1005186, 1029743]"
395,"[1053690, 1120741, 923746, 1029743, 995242]"
396,"[1126899, 1058997, 1026118, 908846, 901062]"
397,"[6534178, 883404, 1058997, 1126899, 840361]"
398,"[1029743, 995242, 6534178, 1092026, 1085604]"
400,"[1029743, 826249, 1082185, 1056509, 860776]"
401,"[965766, 849843, 1124729, 834484, 986912]"
402,"[1029743, 1106523, 6534178, 914190, 1005186]"
404,"[6534178, 1003600, 860975, 860776, 1006184]"
405,"[962229, 916122, 834484, 1039156, 860776]"
406,"[1082185, 1029743, 1126899, 1070015, 1058997]"
407,"[994928, 927191, 8090521, 866227, 826249]"
409,"[1070820, 1082185, 979707, 862349, 6534178]"
410,"[866227, 1044078, 995242, 962229, 976998]"
411,"[860776, 6534178, 5569471, 1098066, 923746]"
412,"[986912, 866227, 1095275, 1005186, 1133018]"
413,"[6534178, 1082185, 1106523, 5569230, 860975]"
414,"[6534178, 940947, 1085604, 1029743, 1106523]"
415,"[1082185, 1029743, 1106523, 995242, 6534178]"
417,"[995242, 1082185, 1029743, 883404, 844165]"
418,"[1082185, 6534178, 1003188, 1058997, 951590]"
420,"[1029743, 1106523, 995242, 1133018, 951590]"
421,"[981760, 1126899, 1070820, 923746, 6534178]"
425,"[883404, 849843, 840361, 1070820, 1106523]"
426,"[1082185, 6534178, 862349, 961554, 1005186]"
427,"[1082185, 1029743, 834484, 995242, 860776]"
429,"[1029743, 995242, 833025, 995785, 860776]"
430,"[1029743, 962229, 1106523, 908531, 995242]"
432,"[1029743, 938700, 995242, 1004906, 883404]"
433,"[1082185, 1106523, 923746, 995785, 951590]"
434,"[994928, 976998, 951590, 5568378, 1044078]"
435,"[5569471, 844165, 5569230, 909714, 8090521]"
437,"[1082185, 1053690, 6534178, 1095275, 995242]"
438,"[840361, 6034857, 860776, 951590, 1133018]"
441,"[1082185, 860776, 976998, 12810393, 933835]"
442,"[1085604, 1058997, 879755, 1070015, 1095275]"
443,"[981760, 862349, 1077555, 899624, 5569230]"
446,"[1082185, 1029743, 1106523, 995242, 6534178]"
447,"[1029743, 995785, 999971, 995242, 908531]"
449,"[1029743, 940947, 995242, 849843, 951590]"
450,"[995242, 933835, 1005186, 1038217, 883404]"
451,"[1044078, 1082185, 962229, 860776, 6534178]"
454,"[1029743, 995242, 5569230, 981760, 908531]"
457,"[1029743, 995242, 883404, 5592931, 1070015]"
458,"[847982, 1058997, 849843, 6034857, 862349]"
459,"[979707, 844165, 995785, 986912, 901062]"
460,"[1082185, 6534178, 1106523, 1058997, 981760]"
461,"[1029743, 995242, 6534178, 6534166, 883404]"
462,"[995242, 908531, 862349, 840361, 866227]"
463,"[6534166, 1106523, 1133018, 901062, 1070015]"
464,"[5569374, 923746, 995242, 1082185, 994928]"
466,"[1133018, 883404, 1085604, 1096036, 1080414]"
467,"[1082185, 849843, 834484, 1106523, 1113588]"
468,"[1106523, 1080414, 1055863, 883404, 925514]"
469,"[1082185, 5569230, 862349, 961554, 901062]"
470,"[995242, 994928, 6534178, 962229, 1005186]"
471,"[1106523, 1133018, 908531, 1026118, 849843]"
474,"[844165, 1106523, 995242, 883404, 1092026]"
477,"[1029743, 6534178, 1082185, 849843, 1058997]"
478,"[1082185, 1029743, 1106523, 995242, 1133018]"
479,"[1133018, 1085604, 1005186, 1106523, 962229]"
480,"[1070820, 5569471, 908531, 6534178, 995785]"
482,"[1133018, 844165, 1044078, 951590, 999971]"
483,"[1133018, 1071939, 834484, 1106523, 5592931]"
484,"[1055863, 1013321, 1038217, 862349, 1070820]"
485,"[6534178, 1082185, 1029743, 995242, 951590]"
487,"[1082185, 1029743, 1106523, 995242, 1133018]"
489,"[1082185, 6534178, 981760, 903325, 5590287]"
491,"[6534178, 1003188, 962568, 862349, 903325]"
493,"[6534178, 1013321, 911812, 995242, 1029743]"
495,"[1029743, 1106523, 908531, 923746, 883404]"
497,"[1082185, 1070820, 844165, 962229, 862349]"
502,"[1029743, 1070015, 923746, 1044078, 849843]"
503,"[1082185, 1070820, 1005186, 6034857, 860776]"
505,"[1082185, 1029743, 1106523, 995242, 1133018]"
506,"[1082185, 6534178, 925626, 1005186, 951590]"
507,"[1082185, 1126899, 6534178, 6533889, 951590]"
508,"[1133018, 844165, 883404, 1120741, 999971]"
510,"[6534178, 862349, 1070820, 866211, 854852]"
511,"[1029743, 995242, 844165, 908531, 6534178]"
513,"[844179, 5569471, 981760, 860776, 901062]"
514,"[1082185, 866211, 961554, 878996, 909714]"
515,"[1082185, 1106523, 927191, 1133018, 5569230]"
516,"[1082185, 995242, 1126899, 6534178, 1050229]"
517,"[849843, 834484, 1081177, 1028816, 1126899]"
518,"[995242, 844165, 1033142, 1092026, 908531]"
520,"[883404, 981760, 1133018, 1106523, 999971]"
521,"[1082185, 1106523, 1126899, 1070015, 1028816]"
523,"[1082185, 6534178, 995242, 1110572, 1029743]"
524,"[1082185, 1106523, 1133018, 923746, 995785]"
525,"[1026118, 995785, 981760, 1110572, 1033142]"
526,"[6534178, 5569230, 1101173, 8090521, 1029743]"
527,"[986947, 933835, 1101010, 901062, 1058997]"
531,"[1029743, 940947, 995242, 5569230, 1075368]"
533,"[899624, 995242, 883404, 1065593, 845208]"
534,"[995242, 849843, 6534178, 1113588, 1005186]"
537,"[1058997, 1126899, 1075368, 981760, 976998]"
538,"[1082185, 1070820, 866211, 862349, 916122]"
539,"[923746, 833025, 1058997, 1082185, 6534178]"
540,"[1082185, 962568, 995785, 916122, 1081177]"
542,"[844165, 1106523, 6534178, 849843, 826249]"
543,"[8090521, 1113588, 8090537, 1092026, 995242]"
544,"[1058997, 908531, 1126899, 866211, 1110572]"
545,"[1082185, 995785, 1005186, 849843, 986912]"
547,"[1029743, 1026118, 5568378, 951590, 962229]"
548,"[1082185, 995242, 923746, 860776, 981760]"
550,"[1082185, 995242, 849843, 878996, 854852]"
552,"[1133018, 1113588, 883404, 1106523, 908531]"
553,"[995242, 951590, 1029743, 981760, 953476]"
554,"[1082185, 1106523, 1070820, 1005186, 883404]"
556,"[1029743, 6534178, 883404, 833025, 1044078]"
557,"[1058997, 5569471, 1133018, 1126899, 5569230]"
558,"[1106523, 994928, 1044078, 995785, 1092026]"
560,"[6534178, 1082185, 1029743, 1003188, 995242]"
562,"[1029743, 995242, 1005186, 981760, 824005]"
563,"[1029743, 908531, 6534178, 1075368, 1005186]"
564,"[1058997, 6534178, 995785, 824005, 862349]"
566,"[1029743, 6534178, 1005186, 849843, 986912]"
567,"[1070015, 1133018, 1044078, 986912, 1106523]"
568,"[951590, 1106523, 1043590, 999971, 1005186]"
569,"[1070820, 1082185, 1029743, 979707, 1124729]"
570,"[1029743, 5569230, 981760, 866211, 862349]"
574,"[1082185, 995242, 908531, 951590, 834484]"
575,"[1082185, 6534178, 862349, 927191, 1106523]"
576,"[1082185, 862349, 903325, 1005186, 834484]"
577,"[1082185, 979707, 951590, 1056509, 1127831]"
578,"[987562, 8090521, 1005186, 995242, 6533889]"
579,"[995242, 908531, 5569230, 1005186, 916122]"
580,"[981760, 1056509, 860975, 909894, 1077555]"
581,"[1126899, 908531, 1058997, 983584, 1005186]"
582,"[1026118, 1024306, 854852, 903325, 5569230]"
583,"[1120741, 995242, 8090521, 866227, 5569230]"
586,"[6534178, 1092026, 1029743, 844165, 1053690]"
587,"[1082185, 1106523, 994928, 1133018, 6534178]"
588,"[6534178, 951590, 826249, 961554, 1106523]"
590,"[1106523, 923746, 951590, 916122, 965766]"
591,"[981760, 860776, 1106523, 854852, 826249]"
593,"[1065593, 1085604, 923746, 1106523, 1133018]"
594,"[1106523, 908531, 995242, 1133018, 6534178]"
595,"[1106523, 1098066, 883404, 1029743, 834484]"
596,"[845208, 1106523, 860776, 834484, 8090521]"
598,"[824005, 6534178, 6533765, 1106523, 1133018]"
600,"[995242, 6534178, 916122, 6533889, 5569230]"
602,"[844165, 1029743, 1055646, 1098066, 6534178]"
603,"[1106523, 1133018, 908531, 6534178, 1070015]"
604,"[1082185, 1070820, 986912, 866211, 862349]"
605,"[6534178, 1003188, 1126899, 1003600, 1106523]"
606,"[995242, 845208, 1029743, 916122, 5569230]"
608,"[1106523, 1065593, 981760, 1082185, 923746]"
609,"[6534178, 1005186, 1053690, 908531, 5569230]"
610,"[844165, 883404, 986912, 860776, 916381]"
611,"[1029743, 6534166, 953476, 833025, 938700]"
612,"[953476, 883404, 1065593, 6534178, 1029743]"
613,"[1133018, 1070015, 5569230, 995785, 951590]"
614,"[1082185, 860776, 1029743, 961554, 840361]"
615,"[1082185, 1029743, 995242, 6534178, 976199]"
617,"[979707, 995785, 860776, 1033142, 1070820]"
618,"[6534178, 1106523, 1070820, 1005186, 986912]"
621,"[981760, 1098066, 940947, 844179, 893501]"
622,"[1106523, 844165, 883404, 1098066, 826249]"
623,"[1029743, 995242, 999971, 847982, 908531]"
624,"[6534178, 844179, 1106523, 849843, 1133018]"
630,"[6534178, 1082185, 860776, 962568, 1070820]"
631,"[1082185, 995242, 981760, 6534178, 927191]"
632,"[1029743, 1070820, 995242, 6534178, 995785]"
633,"[1082185, 995242, 1075368, 6534178, 1006184]"
636,"[927191, 5592931, 1029743, 1133018, 1096036]"
637,"[1106523, 979707, 914190, 883404, 833025]"
638,"[1082185, 923746, 1029743, 849843, 1005186]"
640,"[1106523, 927191, 5569230, 1133018, 6534178]"
641,"[1126899, 1070820, 860776, 1058997, 1065593]"
643,"[1082185, 1029743, 1114597, 995242, 5569471]"
644,"[1082185, 995242, 979707, 834484, 826249]"
647,"[951590, 860776, 1081177, 1006184, 8090537]"
648,"[1082185, 979707, 995785, 903325, 1081177]"
650,"[1082185, 1029743, 1106523, 995242, 1133018]"
652,"[1082185, 883404, 1065593, 995242, 862139]"
653,"[995242, 5569230, 6534178, 826249, 854852]"
654,"[1082185, 995242, 883404, 1065593, 1056509]"
655,"[6534178, 995785, 6533765, 1070015, 995242]"
658,"[1029743, 995242, 1070015, 1044078, 1005186]"
659,"[1133018, 1113588, 862139, 12810393, 8090521]"
660,"[868764, 1126899, 1058997, 916122, 1082185]"
661,"[5569230, 995242, 899624, 1044078, 1110572]"
662,"[1029743, 995242, 908531, 883404, 976998]"
663,"[1082185, 908531, 999971, 976998, 1085604]"
665,"[986912, 5568378, 1022003, 951590, 866211]"
666,"[914190, 1043590, 1106523, 883404, 1133018]"
667,"[849843, 995242, 1133018, 923746, 1005186]"
668,"[1005186, 5569471, 923746, 1058997, 995242]"
669,"[1082185, 1058997, 1126899, 840361, 878996]"
670,"[6534178, 860975, 1029743, 995242, 1082185]"
671,"[6534178, 1029743, 951590, 995242, 1038217]"
672,"[995242, 995785, 981760, 908531, 961554]"
673,"[1082185, 1106523, 1070015, 883404, 1005186]"
674,"[883404, 995785, 909894, 1081177, 878996]"
675,"[6534178, 1037863, 1096036, 1044078, 6533765]"
676,"[1106523, 1065593, 883404, 951590, 1070015]"
680,"[873627, 844179, 860776, 995242, 995785]"
681,"[1082185, 995242, 1126899, 6534166, 5568378]"
684,"[1106523, 995242, 1133018, 6534178, 995785]"
685,"[938700, 916122, 961554, 1030819, 951590]"
687,"[916122, 1029743, 965766, 951590, 1106523]"
690,"[6534178, 883404, 1082185, 6533765, 962568]"
691,"[1082185, 927191, 1070820, 5569471, 981760]"
692,"[1082185, 862349, 6534178, 824005, 878996]"
693,"[962229, 1029743, 1070820, 862349, 951590]"
694,"[883404, 826249, 844165, 1029743, 849843]"
695,"[6534178, 1029743, 981760, 849843, 995785]"
696,"[1082185, 6534178, 923746, 1126899, 901062]"
697,"[1082185, 1070820, 6534178, 923746, 1028816]"
698,"[1058997, 1133018, 844165, 883404, 1005186]"
699,"[6534178, 923746, 962229, 899624, 1029743]"
700,"[1029743, 883404, 849843, 1082185, 5568378]"
701,"[981760, 995242, 5569374, 1133018, 5569230]"
702,"[1082185, 6534178, 1029743, 1065593, 995242]"
703,"[6534178, 995242, 1058997, 1404121, 1005186]"
705,"[1029743, 1106523, 1126899, 1114597, 995242]"
706,"[1053690, 893501, 1070820, 6534178, 5569471]"
707,"[6534178, 1029743, 923746, 6533889, 5569471]"
708,"[1082185, 845208, 995242, 1029743, 995785]"
709,"[844165, 1075368, 1120741, 1092026, 986912]"
710,"[925626, 1110572, 1106523, 981760, 8090521]"
711,"[1082185, 1029743, 995242, 1070015, 1026118]"
712,"[1082185, 1056509, 860776, 981760, 961554]"
713,"[5569230, 1075368, 962229, 1029743, 5569471]"
714,"[1082185, 1058997, 883404, 1126899, 826249]"
715,"[1133018, 860975, 995242, 909894, 981760]"
716,"[1082185, 847982, 883404, 1058997, 994928]"
717,"[1106523, 940947, 6534178, 883404, 1005186]"
718,"[826249, 860776, 995242, 1092026, 1029743]"
719,"[1082185, 1133018, 1106523, 953476, 933835]"
720,"[1026118, 981760, 901062, 909714, 840361]"
721,"[1058997, 1126899, 6534166, 862349, 1065593]"
722,"[1082185, 916122, 6533889, 1106523, 995785]"
723,"[1081177, 878996, 1082185, 860776, 961554]"
725,"[1038217, 1133018, 893501, 844165, 1058997]"
726,"[1058997, 995242, 995785, 961554, 1081177]"
727,"[923746, 847982, 859075, 845208, 1071939]"
728,"[6534178, 1070015, 995242, 1029743, 923746]"
729,"[1082185, 1029743, 1106523, 995242, 1133018]"
730,"[1058997, 1126899, 1082185, 908531, 849843]"
731,"[847982, 1058997, 6534178, 1029743, 995242]"
733,"[5569471, 1029743, 995242, 923746, 951590]"
734,"[1029743, 1106523, 995242, 6533889, 6534166]"
735,"[1106523, 883404, 1092026, 981760, 951590]"
736,"[1082185, 1029743, 962568, 951590, 845208]"
740,"[995785, 834484, 6034857, 995242, 866211]"
741,"[845208, 995242, 6534178, 927191, 840361]"
742,"[1053690, 883404, 1133018, 1106523, 1120741]"
743,"[900491, 989075, 1053763, 1106523, 1070820]"
744,"[1082185, 6534178, 1056509, 1058997, 840361]"
745,"[1082185, 1026118, 901062, 933835, 854852]"
747,"[1058997, 908531, 844165, 883404, 1005186]"
748,"[1106523, 1005186, 883404, 1133018, 962229]"
749,"[1082185, 1029743, 1058997, 995242, 1070015]"
750,"[844165, 1133018, 883404, 866211, 965766]"
752,"[986912, 1082185, 6534178, 1005186, 1133018]"
753,"[1082185, 1029743, 1126899, 995242, 1075368]"
754,"[1082185, 1058997, 1126899, 901062, 986947]"
755,"[6534178, 1058997, 860776, 1005186, 862349]"
757,"[1133018, 962229, 5569471, 1039156, 883404]"
759,"[1082185, 1028816, 1005186, 1120741, 986912]"
761,"[1082185, 6534178, 995242, 1056509, 1133018]"
762,"[1005186, 986912, 866227, 862349, 6534178]"
764,"[6534178, 1082185, 923746, 981760, 1029743]"
766,"[868764, 995785, 860776, 903325, 901062]"
767,"[1082185, 1070820, 995242, 862349, 840361]"
768,"[6534178, 1096036, 859075, 995242, 1029743]"
769,"[1106523, 953476, 1082185, 1029743, 1058997]"
770,"[1029743, 1082185, 908531, 986912, 5569230]"
771,"[834484, 868764, 1133018, 840361, 6034857]"
773,"[1082185, 1058997, 995785, 824005, 860776]"
776,"[1029743, 883404, 995785, 916122, 951590]"
777,"[961554, 1070820, 923746, 962568, 6544236]"
779,"[976199, 860776, 847270, 1071939, 903325]"
781,"[1082185, 995242, 923746, 976199, 907014]"
784,"[1082185, 6534178, 5569230, 908531, 5569471]"
786,"[1082185, 5569230, 1096036, 1106523, 981760]"
787,"[5569230, 1082185, 862349, 1039156, 909714]"
788,"[6533765, 5568378, 6534178, 849843, 1029743]"
789,"[1082185, 995242, 883404, 833025, 976199]"
790,"[1070015, 1029743, 951590, 6534178, 1085604]"
793,"[981760, 995242, 6534178, 1133018, 860776]"
794,"[1058997, 995242, 1126899, 981760, 951590]"
795,"[1029743, 844165, 1044078, 1092026, 981760]"
796,"[1082185, 1058997, 1126899, 908531, 923746]"
798,"[1058997, 994928, 1126899, 1070015, 1005186]"
799,"[6534178, 1082185, 1058997, 1126899, 901062]"
800,"[1029743, 995242, 981760, 5569230, 8090537]"
801,"[951590, 1053690, 1037863, 981760, 1029743]"
802,"[1082185, 983584, 1106523, 908531, 995785]"
803,"[1082185, 962568, 840361, 995785, 1106523]"
804,"[1053690, 999971, 1029743, 844165, 995242]"
805,"[899624, 916122, 868764, 844165, 923746]"
806,"[1082185, 1029743, 5569471, 849843, 6534178]"
807,"[6534178, 1029743, 961554, 908531, 6034857]"
808,"[1029743, 908846, 879755, 844165, 6534178]"
810,"[1082185, 1133018, 868764, 1026118, 1028816]"
811,"[1029743, 995242, 908531, 953476, 849843]"
813,"[1082185, 1133018, 995785, 6034857, 866211]"
814,"[883404, 6034857, 5568378, 860776, 908846]"
816,"[1082185, 1029743, 995242, 849843, 1075368]"
817,"[1082185, 923746, 1070820, 981760, 866211]"
818,"[849843, 893501, 1029743, 1058997, 6534178]"
820,"[1106523, 5569230, 849843, 1110572, 1085604]"
822,"[995242, 981760, 940947, 1005186, 1029743]"
823,"[1106523, 5569230, 6534178, 962229, 1120741]"
824,"[1106523, 923746, 962229, 845208, 1095275]"
825,"[1082185, 6533889, 1058997, 1028816, 908846]"
826,"[1082185, 1029743, 1106523, 995242, 6534178]"
829,"[1082185, 995242, 908531, 6533889, 951590]"
830,"[1082185, 1106523, 1133018, 883404, 862349]"
831,"[1022003, 995242, 916122, 845208, 951590]"
836,"[1058997, 927191, 1126899, 923746, 1005186]"
837,"[1082185, 1133018, 1126899, 995785, 901062]"
840,"[1082185, 981760, 951590, 1029743, 1013321]"
841,"[908531, 883404, 1044078, 1133018, 1106523]"
842,"[995242, 1029743, 6534178, 999971, 844165]"
844,"[1082185, 862349, 995242, 840361, 1026118]"
845,"[8090537, 995242, 951590, 1082185, 1058997]"
846,"[995242, 1133018, 1075368, 981760, 951590]"
847,"[1082185, 868764, 840361, 901062, 995242]"
848,"[878996, 1044078, 1070820, 1101173, 873627]"
850,"[995242, 923746, 1133018, 844165, 849843]"
852,"[1082185, 1024306, 1058997, 903325, 1106523]"
853,"[6534178, 962568, 834484, 1058997, 903325]"
854,"[860776, 911812, 834484, 899624, 1070015]"
855,"[1029743, 5569230, 1005186, 1082185, 986912]"
856,"[1082185, 994928, 961554, 1022254, 1068719]"
857,"[995242, 976998, 5569230, 1070820, 1082185]"
858,"[1070820, 844165, 1092026, 951590, 976998]"
859,"[995242, 951590, 5569230, 961554, 1075368]"
861,"[899624, 1106523, 995785, 986912, 908846]"
862,"[1043590, 1029743, 979707, 953476, 849843]"
863,"[6534178, 1029743, 916122, 1005186, 995242]"
864,"[1096036, 981760, 1029743, 883404, 927191]"
865,"[6534178, 1075368, 899624, 844179, 1106523]"
866,"[6534178, 1044078, 844179, 1106523, 1133018]"
867,"[6534178, 1022003, 5569230, 1133018, 1075368]"
868,"[6534178, 951590, 883404, 8090521, 1082185]"
869,"[1133018, 923746, 995785, 981760, 5592931]"
871,"[1082185, 979707, 878996, 1029743, 5569230]"
875,"[1082185, 1065593, 1058997, 923746, 5569471]"
876,"[6534178, 849843, 1058997, 840361, 834484]"
877,"[961554, 1058997, 981760, 1082185, 860776]"
878,"[951590, 1133018, 866227, 1106523, 8090537]"
879,"[1058997, 903325, 6534178, 5569230, 995785]"
880,"[1082185, 995785, 951590, 866211, 961554]"
881,"[1029743, 995242, 883404, 1120741, 849843]"
882,"[1106523, 5569230, 1085604, 1029743, 951590]"
883,"[1082185, 860776, 1022254, 6534166, 995785]"
884,"[1106523, 1070015, 923746, 883404, 1092026]"
885,"[923746, 833025, 951590, 1096036, 1106523]"
886,"[6534178, 1070820, 868764, 1126899, 1058997]"
887,"[1133018, 1005186, 1120741, 981760, 951590]"
888,"[1082185, 826249, 1003188, 6034857, 961554]"
889,"[1082185, 6534178, 1039156, 1126899, 849843]"
891,"[1133018, 995785, 903325, 860776, 847270]"
893,"[953476, 976998, 844165, 1106523, 1003421]"
894,"[1082185, 995785, 6034857, 860776, 845208]"
895,"[1082185, 862349, 6533889, 866211, 995965]"
897,"[1058997, 1070820, 1126899, 883404, 862349]"
898,"[6534178, 5569471, 824005, 1028816, 1026118]"
900,"[6534178, 923746, 1068719, 5569230, 1133018]"
903,"[1058997, 1082185, 1126899, 961554, 6034857]"
904,"[979707, 1082185, 6534178, 1106523, 6534166]"
906,"[6533889, 1005186, 6534178, 1082185, 1126899]"
907,"[995242, 981760, 849843, 840361, 847982]"
908,"[862349, 1068719, 1070820, 916122, 6534178]"
909,"[6534178, 1082185, 1029743, 1056509, 976199]"
911,"[1082185, 834484, 927191, 820165, 901062]"
913,"[1029743, 1070820, 844165, 5569230, 883404]"
914,"[1124729, 1029743, 986912, 1044078, 979707]"
915,"[1082185, 845208, 833025, 1077555, 923746]"
916,"[1058997, 5569471, 1126899, 6534178, 1075368]"
919,"[1029743, 1106523, 908531, 1113588, 1065593]"
920,"[6534178, 1106523, 1133018, 849843, 859075]"
922,"[1082185, 6534178, 834484, 1058997, 908846]"
924,"[1029743, 995242, 844165, 833025, 951590]"
926,"[6534178, 981760, 903325, 923746, 916122]"
927,"[1082185, 1058997, 1126899, 981760, 986912]"
928,"[1082185, 1029743, 908531, 6534178, 923746]"
929,"[6534178, 1070015, 1070820, 862349, 1092026]"
930,"[1082185, 1029743, 6534178, 995785, 981760]"
931,"[1029743, 1058997, 995242, 833025, 1126899]"
934,"[1082185, 995242, 961554, 860975, 933835]"
935,"[1082185, 1126899, 6534178, 923746, 986912]"
936,"[844165, 908531, 1082185, 995242, 1106523]"
937,"[995965, 1058997, 840361, 961554, 1126899]"
939,"[927191, 951590, 1092026, 1082185, 1085604]"
940,"[1120741, 5568378, 962229, 976998, 1085604]"
941,"[6534178, 1005186, 862349, 5569471, 5568378]"
942,"[1029743, 927191, 995242, 908531, 938700]"
943,"[1106523, 1133018, 6534166, 5569230, 1113588]"
944,"[951590, 1101010, 6534178, 866211, 1127831]"
946,"[849843, 909894, 1133018, 923746, 1106523]"
947,"[1101010, 866227, 1133018, 995242, 933835]"
949,"[6534178, 5568378, 1029743, 951590, 833025]"
951,"[6534178, 1029743, 981760, 940947, 5569230]"
952,"[1029743, 5569230, 1075368, 951590, 862349]"
953,"[1082185, 1029743, 981760, 849843, 860776]"
954,"[1082185, 1029743, 1106523, 995242, 1133018]"
955,"[6533765, 6534178, 1005186, 986912, 1029743]"
956,"[1070820, 1081177, 6534166, 849843, 1098066]"
957,"[1133018, 6534166, 1005186, 5592931, 986912]"
959,"[862349, 6534178, 860975, 1106523, 1003188]"
960,"[1058997, 1070820, 1126899, 862349, 1098066]"
961,"[1082185, 1005186, 995242, 1070820, 5569471]"
964,"[1106523, 8090521, 8090537, 883404, 844165]"
965,"[883404, 1044078, 862349, 1110572, 1085604]"
967,"[1133018, 883404, 1120741, 1110572, 1038217]"
968,"[1082185, 1029743, 916122, 883404, 849843]"
969,"[1082185, 1029743, 5569230, 883404, 901062]"
971,"[1075368, 995242, 929668, 866211, 908531]"
972,"[6534178, 862349, 866227, 923746, 1101010]"
973,"[1082185, 878996, 1050229, 866211, 1081177]"
974,"[1082185, 1106523, 1070015, 883404, 962229]"
975,"[6533889, 5569471, 1082185, 995965, 916122]"
976,"[1082185, 1029743, 981760, 866211, 1005186]"
978,"[951590, 1082185, 1106523, 1070820, 1127831]"
979,"[1082185, 995242, 986947, 6534178, 1029743]"
981,"[1082185, 995242, 866211, 951590, 5569230]"
982,"[6534178, 1029743, 951590, 962229, 1075368]"
983,"[5568378, 995242, 1029743, 8090521, 883404]"
984,"[1082185, 995242, 1106523, 1058997, 5569471]"
985,"[962568, 914190, 908846, 995242, 1029743]"
986,"[849843, 995242, 1029624, 1029743, 883404]"
987,"[1070820, 5569471, 1126899, 1075368, 986912]"
988,"[6534178, 981760, 1070820, 908531, 1085604]"
989,"[833025, 1029743, 1082185, 1106523, 6534178]"
991,"[6534166, 1026118, 1028816, 1005186, 986912]"
992,"[6534178, 896369, 909714, 1082185, 976998]"
993,"[1082185, 995242, 951590, 1101010, 995785]"
996,"[923746, 1133018, 1081177, 995785, 1044078]"
997,"[1070820, 953476, 849843, 979707, 981760]"
998,"[1082185, 6534178, 844165, 1044078, 1092026]"
999,"[1029743, 5569230, 883404, 1113588, 849843]"
1000,"[1082185, 986912, 1133018, 1005186, 854852]"
1001,"[1095275, 1082185, 995242, 1126899, 866227]"
1003,"[1070820, 995242, 1110572, 1133018, 862349]"
1004,"[6534178, 1029743, 995242, 981760, 826249]"
1005,"[883404, 995242, 981760, 979707, 1013321]"
1007,"[1029743, 995242, 908531, 1070015, 883404]"
1008,"[6534178, 883404, 995785, 849843, 951590]"
1010,"[1082185, 6534178, 883404, 1071939, 1127831]"
1011,"[1058997, 903325, 916122, 1126899, 1070820]"
1012,"[1070820, 1082185, 6534178, 923746, 844165]"
1014,"[866211, 1082185, 923746, 1029743, 6534178]"
1015,"[5590287, 1082185, 995242, 862349, 840361]"
1018,"[951590, 1053690, 1070820, 8090521, 6534178]"
1019,"[1106523, 5569230, 1026118, 1028816, 849843]"
1020,"[844179, 1070820, 1082185, 862349, 995785]"
1021,"[1070820, 1082185, 1029743, 981760, 1065593]"
1023,"[847270, 878996, 6533889, 908846, 6534166]"
1024,"[847982, 940947, 1106523, 1133018, 5569230]"
1025,"[1106523, 1133018, 8090537, 8090521, 983584]"
1027,"[1082185, 899624, 1058997, 1126899, 849843]"
1029,"[1082185, 6534178, 1058997, 834484, 1126899]"
1030,"[1082185, 1070820, 908531, 1070015, 923746]"
1034,"[1082185, 1058997, 994928, 995242, 1126899]"
1038,"[1120741, 1082185, 844165, 994928, 999971]"
1039,"[1029743, 951590, 1082185, 5568378, 866211]"
1040,"[1082185, 916122, 5569471, 1126899, 1075368]"
1041,"[1044078, 849843, 1098066, 1106523, 1005186]"
1042,"[6534178, 1082185, 893501, 862349, 916122]"
1043,"[1082185, 1029743, 1106523, 995242, 1133018]"
1045,"[1082185, 6534178, 862349, 908531, 1005186]"
1046,"[6034857, 986947, 1126899, 1082185, 1058997]"
1047,"[1029743, 1133018, 879755, 8090537, 1124729]"
1050,"[6534178, 994928, 857849, 1106523, 860776]"
1051,"[1082185, 1029743, 6534178, 883404, 951590]"
1053,"[979707, 834484, 847270, 976998, 1005186]"
1057,"[1082185, 1065593, 1005186, 976998, 1058997]"
1058,"[844165, 1005186, 849843, 986912, 1085604]"
1060,"[995242, 1082185, 5569230, 951590, 1098066]"
1061,"[844165, 951590, 899624, 5569230, 1106523]"
1062,"[1029743, 923746, 995242, 962229, 1096036]"
1064,"[1082185, 1058997, 833025, 5568378, 862349]"
1066,"[1037863, 989101, 995242, 981760, 1133018]"
1067,"[1082185, 1029743, 933835, 1075368, 1126899]"
1068,"[1058997, 994928, 1133018, 844165, 1026118]"
1069,"[1029743, 908531, 995242, 1082185, 5569230]"
1070,"[6534178, 961554, 995242, 908531, 989101]"
1071,"[995242, 1133018, 953476, 986912, 976998]"
1073,"[995242, 1082185, 1058997, 873627, 1126899]"
1074,"[981760, 1058997, 908531, 995242, 5569230]"
1075,"[1029743, 6534178, 844165, 1070015, 986912]"
1076,"[1075368, 1003600, 1106523, 962229, 844179]"
1077,"[6534178, 995242, 5569230, 1096036, 914190]"
1078,"[1133018, 995785, 1106523, 1058997, 6534178]"
1080,"[844165, 8090537, 1106523, 1029743, 868764]"
1081,"[899624, 5569230, 981760, 1106523, 857849]"
1082,"[844165, 994928, 883404, 1092026, 908531]"
1083,"[1106523, 979707, 1133018, 833025, 1044078]"
1084,"[951590, 953476, 981760, 976998, 1005186]"
1085,"[6534178, 995242, 1082185, 883404, 1029743]"
1086,"[1082185, 6534166, 923746, 995785, 981760]"
1087,"[908531, 995242, 1070820, 1029743, 1106523]"
1088,"[1022254, 1080414, 913785, 1068719, 1055863]"
1089,"[6534178, 1029743, 883404, 826249, 849843]"
1090,"[1082185, 1106523, 962229, 860776, 1081177]"
1091,"[1029743, 6534178, 899624, 951590, 6533889]"
1092,"[883404, 833025, 962229, 862139, 1096036]"
1093,"[1029743, 844165, 1070015, 962229, 845208]"
1094,"[1029743, 933835, 951590, 962229, 983584]"
1096,"[1082185, 1106523, 1026118, 995785, 862349]"
1097,"[1070015, 1106523, 6534166, 1028816, 6533889]"
1098,"[1082185, 6534178, 849843, 1065593, 901062]"
1100,"[1082185, 1029743, 995242, 6534178, 1092026]"
1102,"[1082185, 1029743, 1114597, 995242, 866211]"
1103,"[6534178, 1126899, 1029743, 1058997, 5569230]"
1104,"[1114597, 1039156, 986912, 1082185, 995242]"
1105,"[1082185, 5569230, 1029743, 1106523, 995242]"
1106,"[1106523, 868764, 883404, 1044078, 976199]"
1108,"[995242, 1133018, 908531, 833025, 1120741]"
1109,"[1082185, 1070820, 981760, 961554, 1050229]"
1110,"[862349, 908531, 1070820, 981760, 840361]"
1111,"[1082185, 1106523, 1028816, 860776, 5569230]"
1112,"[1075368, 862349, 1082185, 995242, 6534178]"
1113,"[1082185, 1028816, 961554, 1058997, 1133018]"
1114,"[1029743, 844165, 883404, 1044078, 981760]"
1115,"[995242, 5569471, 6534178, 834484, 840361]"
1117,"[1106523, 6534178, 5569230, 860776, 1110572]"
1119,"[995242, 1082185, 901062, 833025, 940947]"
1120,"[995242, 1082185, 862349, 999971, 981760]"
1121,"[962229, 981760, 995242, 1082185, 1029743]"
1123,"[962229, 981760, 986912, 1126899, 1058997]"
1124,"[1106523, 1133018, 908531, 844165, 883404]"
1127,"[1029743, 5569471, 995242, 5569230, 981760]"
1128,"[1050131, 1106523, 5592931, 995785, 859075]"
1129,"[1029743, 1058997, 1126899, 6534178, 5569230]"
1130,"[1037863, 1039156, 923746, 1133018, 879755]"
1131,"[995242, 1029743, 1120741, 981760, 847982]"
1132,"[1044078, 981760, 1101173, 951590, 1133018]"
1133,"[1028816, 995785, 981760, 1092026, 1106523]"
1134,"[1082185, 1106523, 1070820, 995785, 1028816]"
1135,"[995242, 1029743, 6534178, 893018, 951590]"
1136,"[1106523, 847982, 962229, 1039156, 1005186]"
1137,"[1082185, 860975, 860776, 995242, 1081177]"
1138,"[1120741, 1110572, 1106523, 868764, 844165]"
1139,"[1082185, 866211, 862349, 903325, 985999]"
1141,"[1029743, 908531, 844165, 995242, 868764]"
1142,"[1082185, 916122, 965766, 860776, 6534178]"
1145,"[1106523, 1133018, 5569230, 883404, 1005186]"
1146,"[6534178, 995242, 1029743, 995785, 1026118]"
1147,"[951590, 1085604, 1106523, 1133018, 1070015]"
1149,"[1082185, 1026118, 1029743, 995242, 6534178]"
1151,"[923746, 951590, 994928, 1106523, 849843]"
1152,"[1029743, 1005186, 986912, 951590, 1085604]"
1154,"[1053690, 1096036, 1106523, 849843, 840361]"
1155,"[1133018, 908531, 883404, 1044078, 1085604]"
1157,"[1070820, 5569471, 883404, 981760, 901062]"
1158,"[6534178, 862349, 1133018, 1101010, 1106523]"
1159,"[1082185, 1068719, 6534178, 1022254, 834484]"
1160,"[1096036, 1133018, 1068719, 1004906, 5592931]"
1161,"[1058997, 1070820, 1133018, 1126899, 995785]"
1163,"[1082185, 1029743, 6534178, 995242, 840361]"
1164,"[1082185, 986947, 1070820, 981760, 860776]"
1166,"[1082185, 6534178, 1039156, 1029743, 961554]"
1167,"[1022003, 6534178, 1082185, 1070820, 5569471]"
1168,"[908531, 995242, 1029743, 1133018, 1106523]"
1169,"[1082185, 923746, 1070015, 859075, 849843]"
1171,"[1029743, 1075368, 1092026, 860776, 1096036]"
1172,"[1029743, 1053690, 1106523, 995242, 1133018]"
1174,"[1068719, 1133018, 1106523, 1098066, 844165]"
1175,"[1082185, 6534166, 6534178, 6533889, 1075368]"
1176,"[1082185, 1029743, 1106523, 995242, 1133018]"
1178,"[6534178, 995785, 1004906, 834484, 961554]"
1179,"[1082185, 995242, 962229, 6534178, 860776]"
1180,"[6534178, 860776, 965766, 1029743, 1113588]"
1182,"[899624, 840361, 1106523, 1068719, 6534178]"
1183,"[1133018, 908531, 844165, 883404, 951590]"
1185,"[1106523, 927191, 1133018, 914190, 849843]"
1186,"[1082185, 1070820, 6034857, 1024306, 6533889]"
1187,"[1106523, 1133018, 1053763, 1080414, 951590]"
1188,"[961554, 847982, 883404, 1062966, 1133018]"
1189,"[1082185, 1106523, 1026118, 1028816, 5568378]"
1190,"[6534178, 1029743, 995242, 883404, 8090537]"
1191,"[995242, 1110572, 5569230, 986912, 8090521]"
1192,"[994928, 1133018, 849843, 860975, 909714]"
1193,"[1106523, 940947, 927191, 1133018, 5569230]"
1194,"[995242, 1005186, 857849, 981760, 986912]"
1195,"[995242, 1075368, 1026118, 1005186, 1085604]"
1196,"[1070820, 878996, 901062, 873627, 854852]"
1197,"[6534178, 1029743, 951590, 981760, 1005186]"
1198,"[1082185, 1058997, 995785, 981760, 901062]"
1201,"[1085604, 8090521, 879755, 1056509, 1098066]"
1202,"[1082185, 1029743, 1058997, 6534178, 883404]"
1203,"[866211, 1082185, 951590, 1106523, 840361]"
1204,"[1106523, 1133018, 908531, 883404, 999971]"
1205,"[1092026, 1029743, 995242, 1098066, 981760]"
1206,"[883404, 1096036, 826249, 1106523, 866227]"
1207,"[1133018, 5569374, 953476, 1082185, 976998]"
1208,"[1106523, 6534178, 844165, 6034857, 962229]"
1209,"[1082185, 1029743, 1106523, 995242, 1133018]"
1210,"[1082185, 1070820, 908531, 862349, 903325]"
1211,"[5585510, 981760, 6534166, 860776, 1070820]"
1214,"[1082185, 1029743, 1106523, 995242, 1133018]"
1216,"[5569230, 1065593, 1082185, 995242, 862349]"
1217,"[6534178, 1029743, 1075368, 1013321, 916122]"
1218,"[1026118, 1070820, 862349, 908846, 1126899]"
1219,"[826249, 1022254, 879755, 901062, 1098066]"
1221,"[1082185, 923746, 1028816, 6034857, 909714]"
1222,"[951590, 5569230, 1133018, 1106523, 981760]"
1223,"[883404, 8090521, 5569230, 1113588, 1106523]"
1224,"[995242, 1005186, 5592931, 866211, 862349]"
1225,"[1082185, 1106523, 1133018, 883404, 1092026]"
1226,"[1082185, 859075, 840361, 862349, 1070820]"
1227,"[1058997, 1133018, 1092026, 5568378, 840361]"
1228,"[6534178, 1058997, 5569471, 1005186, 1106523]"
1229,"[860776, 6534178, 916122, 979707, 1070820]"
1230,"[1029743, 1106523, 5568378, 860776, 874972]"
1231,"[1082185, 995242, 1029743, 860776, 1055646]"
1234,"[862349, 844179, 995242, 5568378, 12810393]"
1236,"[1070015, 1133018, 1092026, 965766, 962229]"
1238,"[908531, 995242, 1082185, 1029743, 962229]"
1240,"[1082185, 6533889, 1070820, 6034857, 860776]"
1241,"[1029743, 995242, 883404, 1075368, 1092026]"
1242,"[1082185, 1070820, 844165, 883404, 862349]"
1245,"[1133018, 6534178, 981760, 903325, 951590]"
1246,"[1058997, 908531, 1126899, 6534178, 6533889]"
1247,"[1082185, 961554, 951590, 1029743, 1126899]"
1248,"[951590, 1106523, 1082185, 6534178, 866227]"
1249,"[1106523, 1133018, 995785, 1113588, 953476]"
1252,"[1070820, 5569471, 923746, 862349, 916122]"
1255,"[1082185, 1106523, 1133018, 908531, 8090521]"
1256,"[1005186, 933835, 979707, 986912, 1022254]"
1257,"[1082185, 903325, 994928, 1126899, 866211]"
1258,"[5569471, 1082185, 914190, 1058997, 1133018]"
1259,"[1082185, 1058997, 883404, 1113588, 995785]"
1260,"[1082185, 961554, 840361, 1058997, 866211]"
1261,"[6534178, 1082185, 866211, 883404, 976998]"
1262,"[1082185, 1029743, 1106523, 995242, 5569230]"
1263,"[1029743, 995242, 1085604, 986912, 981760]"
1264,"[1029743, 6534178, 995242, 826249, 923746]"
1265,"[1082185, 995242, 1022003, 1133018, 918733]"
1266,"[1082185, 1133018, 995785, 986912, 866211]"
1267,"[1082185, 862349, 1005186, 916122, 1101173]"
1269,"[899624, 981760, 1070820, 834484, 1106523]"
1270,"[1026118, 1082185, 1037863, 908846, 1028816]"
1271,"[1082185, 1038217, 961554, 1029743, 951590]"
1272,"[868764, 916122, 962568, 1039156, 1005186]"
1274,"[1082185, 5568378, 995242, 1070820, 951590]"
1277,"[1133018, 1106523, 1092026, 8090521, 1070015]"
1278,"[1082185, 1106523, 5569230, 981760, 962229]"
1279,"[1082185, 965766, 907014, 994928, 1106523]"
1280,"[1082185, 1029743, 1106523, 995242, 1133018]"
1281,"[6534178, 860776, 844165, 995785, 1133018]"
1282,"[951590, 1106523, 1133018, 995785, 981760]"
1283,"[1133018, 995785, 1005186, 849843, 860776]"
1284,"[1133018, 1096036, 951590, 1065593, 999971]"
1285,"[1082185, 5569230, 908531, 1106523, 1101173]"
1287,"[862349, 1082185, 1005186, 854852, 1133018]"
1288,"[1096036, 923746, 862349, 1081177, 1082185]"
1289,"[1029743, 1110572, 5569230, 1085604, 1124729]"
1290,"[1013321, 849843, 844165, 1005186, 860776]"
1291,"[1082185, 1044078, 962229, 1106523, 1081177]"
1293,"[979707, 999971, 1033142, 1004906, 1044078]"
1294,"[1082185, 849843, 1058997, 1126899, 1028816]"
1295,"[1029743, 995242, 1092026, 916122, 1065593]"
1296,"[826249, 1124729, 995242, 1005186, 951590]"
1297,"[1082185, 995785, 1037863, 854852, 1026118]"
1298,"[999971, 995242, 1096036, 883404, 923746]"
1299,"[6534178, 840361, 8090521, 857849, 904360]"
1300,"[6534178, 962568, 914190, 1133018, 1106523]"
1303,"[866211, 6534178, 1029743, 976199, 951590]"
1304,"[1106523, 1029743, 923746, 951590, 1055863]"
1305,"[1106523, 5569230, 908531, 1133018, 6534178]"
1306,"[1029743, 951590, 995242, 1096036, 1070015]"
1307,"[1082185, 1058997, 6534178, 1005186, 986912]"
1310,"[1133018, 833025, 1005186, 1120741, 916122]"
1312,"[1082185, 1029743, 995242, 6534178, 883404]"
1313,"[995242, 908531, 883404, 995785, 981760]"
1314,"[1082185, 1029743, 6534178, 923746, 976199]"
1316,"[1082185, 5568378, 1029743, 1022003, 925626]"
1317,"[923746, 995242, 1120741, 1005186, 5568378]"
1318,"[908846, 1028816, 854852, 847270, 1082185]"
1319,"[1082185, 1058997, 995242, 908531, 5569471]"
1321,"[1106523, 923746, 1133018, 893018, 994928]"
1325,"[845208, 834484, 903325, 961554, 1081177]"
1326,"[6534178, 6533765, 995242, 1029743, 908531]"
1328,"[1082185, 951590, 923746, 844165, 859075]"
1329,"[1058997, 908531, 995785, 986912, 951590]"
1330,"[5569230, 910032, 1133018, 987562, 1106523]"
1331,"[1029743, 995242, 908531, 844165, 849843]"
1332,"[1082185, 995242, 1120741, 860776, 908846]"
1333,"[1082185, 1096036, 908531, 866211, 1126899]"
1334,"[844165, 879755, 1085604, 883404, 1081177]"
1335,"[995242, 5569471, 901062, 862349, 909714]"
1336,"[995242, 908531, 981760, 979707, 883404]"
1337,"[1082185, 6534178, 995242, 962229, 826249]"
1338,"[6534178, 994928, 1106523, 1133018, 1092026]"
1340,"[1058997, 995242, 849843, 862349, 916122]"
1342,"[1082185, 1029743, 1106523, 995242, 6534178]"
1343,"[1113588, 1005186, 1085604, 1096036, 879755]"
1344,"[1082185, 1029743, 994928, 995242, 981760]"
1346,"[1058997, 866211, 1110572, 834484, 1056509]"
1347,"[6534178, 1029743, 860776, 925626, 849843]"
1350,"[1082185, 883404, 995785, 981760, 849843]"
1351,"[1106523, 1133018, 908531, 1070015, 923746]"
1352,"[1082185, 987562, 6534178, 1077555, 862349]"
1353,"[995242, 8090537, 5592931, 8090521, 833025]"
1354,"[995242, 6534178, 1005186, 878996, 1038217]"
1355,"[1082185, 1029743, 995242, 914190, 6534178]"
1356,"[1082185, 979707, 1070820, 5569230, 981760]"
1357,"[6534178, 860975, 5569471, 5569230, 1070820]"
1358,"[1082185, 883404, 995242, 923746, 826249]"
1359,"[1070820, 995242, 1075368, 849843, 981760]"
1360,"[1082185, 1029743, 1106523, 995242, 1133018]"
1361,"[6034857, 951590, 866211, 860776, 8090537]"
1362,"[1082185, 1029743, 995242, 6534178, 909714]"
1363,"[1082185, 1065593, 1029743, 953476, 916122]"
1364,"[1082185, 951590, 862349, 1005186, 854852]"
1366,"[1065593, 1101010, 927191, 1126899, 901062]"
1367,"[1082185, 6534178, 1070820, 862349, 979707]"
1368,"[1029743, 1070820, 5569471, 866211, 916122]"
1369,"[1082185, 981760, 914190, 866227, 1058997]"
1370,"[844179, 995785, 826249, 883404, 8090521]"
1373,"[5569471, 5569230, 6034857, 908846, 909714]"
1374,"[981760, 1133018, 1106523, 999971, 995785]"
1375,"[1029743, 1106523, 927191, 981760, 916122]"
1376,"[6534178, 995242, 1029743, 6534166, 994928]"
1378,"[1082185, 995242, 5585510, 981760, 860776]"
1379,"[1082185, 6534178, 1029743, 995242, 1022003]"
1380,"[1029743, 5569230, 995785, 1028816, 849843]"
1381,"[1082185, 1029743, 1106523, 995242, 1133018]"
1382,"[1029743, 962229, 940947, 981760, 1098066]"
1383,"[1075368, 1026118, 995785, 6034857, 1110572]"
1384,"[896369, 849843, 1096036, 923746, 5592931]"
1385,"[844165, 883404, 849843, 1029743, 1106523]"
1387,"[899624, 995242, 908531, 844165, 1005186]"
1388,"[1039156, 1098066, 1068719, 995242, 6534178]"
1389,"[1082185, 1058997, 871756, 907014, 981760]"
1390,"[995242, 1029743, 5569230, 962229, 1005186]"
1391,"[1133018, 6034857, 6534178, 860776, 873627]"
1393,"[1082185, 6034857, 820165, 1058997, 1126899]"
1394,"[1082185, 6034857, 940947, 878996, 862349]"
1395,"[1058997, 940947, 908531, 1126899, 1026118]"
1397,"[1082185, 1068719, 840361, 1037863, 1058997]"
1398,"[1082185, 1058997, 995242, 5569471, 6534178]"
1399,"[1082185, 6034857, 995242, 860776, 986947]"
1401,"[1058997, 1070820, 908531, 1126899, 896369]"
1402,"[923746, 849843, 1106523, 1082185, 1133018]"
1403,"[5569471, 6534178, 844165, 5569230, 1075368]"
1405,"[1106523, 995242, 5569471, 976199, 849843]"
1406,"[1082185, 849843, 1029743, 995242, 883404]"
1408,"[1029743, 1106523, 995242, 1133018, 953476]"
1409,"[1082185, 1133018, 1022003, 923746, 849843]"
1410,"[1029743, 874972, 1082185, 844165, 6534178]"
1412,"[1082185, 965766, 1029743, 8090521, 903325]"
1413,"[1082185, 1029743, 1106523, 995242, 1133018]"
1414,"[1126899, 1082185, 1058997, 1029743, 1106523]"
1417,"[1106523, 1133018, 908531, 6533889, 916122]"
1418,"[1070820, 1082185, 953476, 820165, 862349]"
1419,"[1070015, 1133018, 1085604, 908531, 1106523]"
1421,"[6534178, 995242, 1096036, 1029743, 981760]"
1423,"[6534178, 1082185, 860975, 1085604, 1080414]"
1425,"[1029743, 1101010, 5569471, 5569230, 8090537]"
1426,"[1133018, 908531, 844165, 5568378, 916122]"
1427,"[995242, 826249, 923746, 883404, 1029743]"
1428,"[833025, 6534178, 879755, 908531, 1029743]"
1429,"[1058997, 923746, 1065593, 1126899, 981760]"
1430,"[6534178, 1029743, 981760, 1126899, 5569230]"
1431,"[5569230, 995785, 1026118, 1092026, 916122]"
1434,"[883404, 995242, 1082185, 1065593, 1075368]"
1437,"[1044078, 5569230, 883404, 826249, 995242]"
1440,"[6534178, 1133018, 999971, 908531, 1056509]"
1443,"[1082185, 1070820, 1005186, 5569471, 883404]"
1445,"[6034857, 903325, 909714, 860776, 883404]"
1447,"[1029743, 844165, 883404, 1096036, 879755]"
1450,"[6534178, 995785, 1005186, 849843, 860776]"
1451,"[1082185, 6534178, 995242, 1070820, 824005]"
1452,"[995242, 5590287, 989101, 1133018, 866227]"
1453,"[995242, 6034857, 1005186, 878996, 1058997]"
1454,"[1082185, 6534178, 5569471, 1029743, 834484]"
1457,"[1044078, 1022254, 1106523, 1085604, 5592931]"
1458,"[6534178, 1082185, 845208, 976199, 923746]"
1459,"[834484, 5569230, 840361, 854852, 844179]"
1461,"[1082185, 1029743, 6534178, 995242, 981760]"
1462,"[1082185, 979707, 995242, 914190, 903325]"
1463,"[1005186, 986912, 6534178, 1075368, 1133018]"
1464,"[995242, 1133018, 5569471, 908531, 916122]"
1465,"[1082185, 1075368, 976199, 916122, 866227]"
1466,"[1029743, 1058997, 995242, 1126899, 5569230]"
1467,"[1005186, 1085604, 1080414, 986912, 866227]"
1470,"[6534178, 995242, 862349, 1070820, 1029743]"
1471,"[1126899, 6534178, 883404, 1085604, 879755]"
1473,"[1082185, 1126899, 866211, 903325, 909714]"
1474,"[1133018, 1070015, 844179, 1106523, 1044078]"
1475,"[6534178, 6533889, 1056509, 916122, 862349]"
1476,"[6533889, 6534166, 862349, 1058997, 995242]"
1479,"[6534178, 5568378, 995242, 1058997, 1029743]"
1480,"[1082185, 1029743, 994928, 995242, 1133018]"
1481,"[995242, 951590, 8090537, 6534178, 1133018]"
1483,"[5569230, 6534178, 5569471, 1070820, 883404]"
1484,"[1082185, 840361, 1058997, 961554, 866227]"
1485,"[1106523, 1082185, 1075368, 1005186, 951590]"
1487,"[5569230, 1075368, 940947, 6534178, 883404]"
1488,"[1126899, 1082185, 923746, 1058997, 1110572]"
1489,"[6534178, 883404, 1029743, 995242, 1065593]"
1490,"[981760, 995242, 953476, 874972, 6534178]"
1491,"[1082185, 820165, 901062, 834484, 986947]"
1492,"[1082185, 995242, 847982, 849843, 866227]"
1493,"[1106523, 1133018, 908531, 914190, 923746]"
1494,"[923746, 995242, 1068719, 883404, 1081177]"
1495,"[849843, 953476, 1003600, 1033142, 1022254]"
1499,"[1082185, 981760, 6534166, 5569471, 911812]"
1500,"[1029743, 1133018, 995785, 981760, 951590]"
1501,"[1082185, 6534178, 995785, 1070820, 862349]"
1502,"[1082185, 1070820, 862349, 1038217, 834484]"
1506,"[849843, 994928, 860776, 995785, 976998]"
1507,"[6534178, 1106523, 844165, 879755, 849843]"
1508,"[1058997, 1126899, 6534178, 849843, 981760]"
1509,"[6534178, 1005186, 1029743, 995785, 834484]"
1510,"[1080414, 6534178, 1005186, 866227, 1039156]"
1511,"[5569230, 908531, 1133018, 1106523, 862349]"
1512,"[1082185, 1029743, 1058997, 6534178, 1005186]"
1513,"[940947, 1005186, 1092026, 1022003, 976998]"
1514,"[995785, 1082185, 961554, 1081177, 1006184]"
1515,"[995242, 5569230, 1005186, 981760, 986912]"
1517,"[862349, 826249, 908531, 1070820, 951590]"
1518,"[1029743, 1106523, 923746, 883404, 849843]"
1519,"[5569230, 916122, 849843, 1070820, 860776]"
1520,"[6534178, 1029743, 883404, 995242, 908531]"
1521,"[1113588, 995242, 1053690, 1082185, 1133018]"
1523,"[1029743, 908531, 6534178, 923746, 1120741]"
1524,"[1082185, 1058997, 6534178, 5569471, 1126899]"
1525,"[840361, 961554, 995242, 1070015, 849843]"
1526,"[1133018, 860975, 1077555, 844165, 986912]"
1527,"[1082185, 6534178, 1029743, 5569230, 951590]"
1528,"[6534178, 1082185, 1029743, 923746, 983584]"
1529,"[6534178, 1058997, 1106523, 1044078, 995785]"
1530,"[1082185, 1058997, 6534166, 866211, 961554]"
1531,"[1082185, 1058997, 1126899, 1075368, 1044078]"
1532,"[914190, 5569471, 1082185, 6534178, 6533889]"
1533,"[1082185, 1029743, 1070820, 995242, 6534178]"
1534,"[6534178, 923746, 1039156, 1070820, 999971]"
1535,"[1106523, 5568378, 1133018, 981760, 883404]"
1536,"[6534178, 1029743, 1126899, 995785, 1075368]"
1537,"[1106523, 1029743, 995242, 1133018, 983584]"
1539,"[1082185, 1029743, 1106523, 995242, 1133018]"
1540,"[844165, 1106523, 1133018, 883404, 868764]"
1541,"[1082185, 1029743, 908531, 925626, 962229]"
1542,"[995242, 1133018, 849843, 916122, 908846]"
1543,"[953476, 1053690, 995242, 1029743, 849843]"
1545,"[1106523, 8090521, 1133018, 923746, 833025]"
1546,"[965766, 995242, 908531, 999971, 868764]"
1547,"[995242, 6534178, 1039156, 893501, 951590]"
1548,"[951590, 1029743, 995242, 953476, 916381]"
1549,"[849843, 986912, 866227, 981760, 1133018]"
1550,"[994928, 1082185, 1113588, 1133018, 999971]"
1552,"[1029743, 5569230, 1022003, 901062, 951590]"
1553,"[899624, 995785, 925626, 849843, 5592931]"
1555,"[1029743, 995242, 5569230, 908531, 844165]"
1556,"[1082185, 1096036, 840361, 916122, 995242]"
1557,"[6534178, 1082185, 1106523, 1133018, 860776]"
1558,"[995242, 995785, 1005186, 976998, 1098066]"
1559,"[1106523, 940947, 1075368, 1026118, 951590]"
1560,"[995242, 923746, 1029743, 916122, 1039156]"
1563,"[860776, 903325, 1070820, 1039156, 1126899]"
1564,"[1082185, 1044078, 1028816, 981760, 951590]"
1566,"[6534178, 995242, 976199, 995785, 849843]"
1567,"[1026118, 1082185, 1133018, 951590, 981760]"
1568,"[899624, 923746, 1133018, 1106523, 826249]"
1569,"[995242, 844165, 923746, 951590, 866211]"
1570,"[1058997, 979707, 995242, 908531, 976199]"
1571,"[1070820, 6534178, 844165, 995785, 860776]"
1572,"[1039156, 1058997, 1126899, 995785, 860776]"
1575,"[1082185, 1070820, 1026118, 903325, 1028816]"
1576,"[1029743, 849843, 911812, 981760, 976998]"
1577,"[1029743, 883404, 995785, 938700, 866211]"
1578,"[1022003, 916122, 995785, 1029743, 1038217]"
1579,"[1082185, 951590, 6534178, 995242, 1127831]"
1580,"[995242, 995785, 1029743, 857849, 999971]"
1581,"[1029743, 5569471, 1070820, 849843, 1114597]"
1584,"[1029743, 981760, 6534178, 995785, 951590]"
1585,"[6534178, 1082185, 5569471, 1058997, 5569230]"
1587,"[1029743, 6534178, 5568378, 962229, 1065593]"
1588,"[1082185, 1003188, 6034857, 908531, 1028816]"
1590,"[1082185, 854852, 1070820, 995785, 1029743]"
1591,"[1082185, 6534166, 862349, 1070820, 1005186]"
1592,"[1058997, 5569471, 6534178, 5569230, 1005186]"
1593,"[1082185, 1029743, 5569471, 979707, 995242]"
1594,"[1106523, 1133018, 6534178, 6533765, 883404]"
1595,"[1005186, 987562, 6534178, 995242, 986912]"
1596,"[979707, 953476, 933835, 847270, 951590]"
1598,"[1029743, 995242, 1085604, 981760, 951590]"
1599,"[1133018, 840361, 1043590, 951590, 1068719]"
1600,"[1106523, 1133018, 6534178, 923746, 849843]"
1602,"[1029743, 860776, 1058997, 1070820, 1082185]"
1604,"[1022003, 1050229, 5569230, 986912, 901062]"
1607,"[868764, 5569471, 844165, 5569230, 8090521]"
1608,"[1082185, 995785, 1026118, 1133018, 860776]"
1609,"[1029743, 6533889, 1082185, 951590, 981760]"
1611,"[1029743, 844165, 1026118, 1028816, 986912]"
1612,"[6534178, 1082185, 860776, 901062, 1070820]"
1614,"[1082185, 1106523, 923746, 1120741, 901062]"
1618,"[1082185, 6534178, 903325, 862349, 981760]"
1619,"[1082185, 6534178, 1133018, 916122, 1075368]"
1620,"[6534178, 1106523, 1133018, 883404, 5569230]"
1621,"[849843, 1092026, 1101010, 933835, 1065593]"
1622,"[1082185, 1029743, 995242, 860776, 6534178]"
1623,"[6534178, 1106523, 999971, 6533765, 6534166]"
1624,"[1082185, 5569230, 1026118, 986912, 844165]"
1627,"[1082185, 6534178, 6533765, 909714, 860776]"
1628,"[1082185, 1029743, 1106523, 995242, 6534178]"
1630,"[1082185, 981760, 5585510, 1024306, 1106523]"
1631,"[826249, 1029743, 995242, 1120741, 1098066]"
1632,"[1082185, 1065593, 1070820, 862349, 6534178]"
1633,"[1082185, 951590, 995242, 1101010, 854852]"
1634,"[1044078, 1070820, 866227, 844165, 8090537]"
1636,"[1082185, 883404, 1106523, 995242, 6534178]"
1637,"[1082185, 6534178, 1039156, 1029743, 995242]"
1638,"[1058997, 1126899, 1055646, 866211, 862349]"
1640,"[1106523, 6534178, 923746, 1075368, 1092026]"
1641,"[1058997, 994928, 1126899, 995785, 1404121]"
1642,"[845208, 995785, 1133018, 862349, 1082185]"
1643,"[1106523, 868764, 6534178, 844165, 923746]"
1644,"[1082185, 1029743, 1106523, 995242, 6534178]"
1645,"[995242, 976199, 6034857, 866211, 976998]"
1646,"[1029743, 1058997, 908531, 1126899, 981760]"
1647,"[1082185, 981760, 986947, 995242, 1106523]"
1648,"[6534178, 1106523, 5569230, 1133018, 908531]"
1649,"[1082185, 995785, 1133018, 1106523, 916122]"
1650,"[962568, 834484, 903325, 1058997, 860776]"
1651,"[1082185, 1058997, 6034857, 901062, 862349]"
1652,"[1075368, 5568378, 951590, 962229, 965766]"
1653,"[6534178, 1082185, 1029743, 860776, 999971]"
1654,"[1082185, 1070820, 5569471, 5569230, 1028816]"
1657,"[1053690, 916381, 883404, 866227, 1106523]"
1658,"[981760, 909894, 916122, 1006184, 995785]"
1659,"[1082185, 1028816, 824005, 995242, 1029743]"
1660,"[1106523, 923746, 5569230, 849843, 951590]"
1662,"[916122, 834484, 866211, 1126899, 1082185]"
1663,"[1029743, 1070820, 6534178, 981760, 5568378]"
1664,"[883404, 981760, 1098066, 1065593, 868764]"
1665,"[1058997, 995242, 6533889, 1113588, 986912]"
1666,"[995242, 981760, 951590, 962229, 1038217]"
1668,"[6534178, 1106523, 1082185, 1133018, 896369]"
1669,"[1082185, 1029743, 1106523, 995242, 1133018]"
1672,"[1082185, 1106523, 5569230, 908531, 923746]"
1673,"[6534178, 1053690, 951590, 1106523, 1075368]"
1676,"[1082185, 903325, 845208, 834484, 878996]"
1677,"[5568378, 995242, 981760, 1029743, 5569845]"
1680,"[1058997, 5569471, 847982, 840361, 1126899]"
1683,"[979707, 1070820, 5569471, 914190, 844165]"
1684,"[1106523, 1092026, 951590, 1085604, 8090521]"
1685,"[1058997, 995242, 5569471, 908531, 5569230]"
1686,"[1022003, 883404, 986912, 1005186, 995242]"
1687,"[1058997, 908531, 1126899, 976199, 849843]"
1688,"[1029743, 6534178, 5569230, 883404, 1044078]"
1689,"[994928, 1029743, 995242, 995785, 1038217]"
1690,"[1133018, 951590, 1080414, 923746, 5569230]"
1692,"[1038217, 995242, 999971, 1029743, 981760]"
1693,"[1082185, 1126899, 995785, 883404, 1026118]"
1694,"[6533765, 859075, 6534178, 951590, 1113588]"
1695,"[1082185, 976998, 879755, 866227, 6534178]"
1696,"[1070820, 1082185, 1029743, 847982, 862349]"
1697,"[1029743, 995242, 1044078, 951590, 826249]"
1698,"[927191, 1070015, 833025, 976199, 5592931]"
1699,"[5569845, 874972, 847982, 6034857, 994928]"
1700,"[908531, 833025, 1113588, 5568378, 916122]"
1701,"[995242, 6534178, 5569230, 833025, 1026118]"
1703,"[849843, 923746, 965766, 1039156, 1106523]"
1704,"[1005186, 981760, 1404121, 862349, 860975]"
1705,"[995242, 1070015, 833025, 1044078, 5592931]"
1706,"[1106523, 883404, 995785, 1065593, 903325]"
1707,"[962229, 995242, 1085604, 5569230, 1098066]"
1708,"[1082185, 1029743, 951590, 860975, 994928]"
1709,"[1080414, 1133018, 995242, 6534178, 908531]"
1710,"[1082185, 1133018, 6534178, 860776, 1058997]"
1712,"[1082185, 1058997, 1126899, 849843, 901062]"
1713,"[1082185, 1133018, 5569230, 1113588, 1028816]"
1715,"[1058997, 1126899, 995785, 1028816, 1005186]"
1716,"[995242, 953476, 826249, 1085604, 1070015]"
1717,"[1082185, 995242, 995785, 1029743, 1056509]"
1718,"[1082185, 1106523, 1070820, 5569230, 1005186]"
1719,"[1082185, 1106523, 940947, 1070820, 849843]"
1720,"[951590, 916122, 909714, 1070820, 862349]"
1721,"[1106523, 1133018, 995785, 1005186, 962568]"
1722,"[6534178, 987562, 1058997, 1126899, 1006184]"
1723,"[1133018, 883404, 866211, 834484, 962568]"
1724,"[1106523, 878996, 1082185, 5590287, 1133018]"
1726,"[824005, 6534178, 979707, 847270, 866211]"
1728,"[1096036, 883404, 1098066, 826249, 1126899]"
1729,"[1029743, 1005186, 1106523, 995242, 1133018]"
1730,"[6534178, 995242, 1082185, 1029743, 5569471]"
1731,"[1082185, 6534178, 1106523, 1085604, 1058997]"
1732,"[1082185, 1029743, 860975, 1106523, 914190]"
1733,"[879755, 961554, 986912, 849843, 1133018]"
1734,"[1082185, 6534178, 5569230, 1075368, 833025]"
1735,"[995242, 6534178, 995785, 951590, 840361]"
1737,"[1082185, 1058997, 927191, 923746, 849843]"
1738,"[923746, 981760, 1106523, 1133018, 883404]"
1739,"[908531, 5568378, 1133018, 1106523, 951590]"
1740,"[1082185, 6034857, 1075368, 6534166, 6533889]"
1742,"[833025, 1044078, 986912, 12810393, 1096036]"
1743,"[899624, 6534178, 6534166, 5569230, 951590]"
1745,"[1096036, 847982, 1106523, 923746, 983584]"
1747,"[845208, 903325, 962568, 6534178, 1106523]"
1748,"[6534178, 1101173, 1106523, 1133018, 962229]"
1749,"[6534178, 1082185, 951590, 862349, 995242]"
1750,"[1082185, 995242, 5569230, 849843, 5568378]"
1751,"[1070820, 826249, 862349, 1098066, 1053690]"
1752,"[1044078, 1133018, 1098066, 951590, 844165]"
1753,"[6534178, 879755, 866227, 1133018, 1085604]"
1754,"[995242, 908531, 962229, 1029743, 5569230]"
1755,"[1082185, 901062, 951590, 1065593, 909714]"
1756,"[1082185, 1070820, 1126899, 6534178, 923746]"
1758,"[1082185, 899624, 849843, 834484, 1126899]"
1759,"[1082185, 1058997, 883404, 1044078, 1126899]"
1760,"[1082185, 1029743, 1075368, 986912, 901062]"
1761,"[1082185, 994928, 1133018, 1026118, 849843]"
1762,"[1082185, 6534178, 995242, 923746, 1029743]"
1763,"[1075368, 866211, 908846, 1106523, 834484]"
1764,"[6534178, 908531, 1075368, 903325, 1058997]"
1765,"[862349, 1070820, 995242, 940947, 951590]"
1766,"[1133018, 883404, 1026118, 1005186, 849843]"
1767,"[883404, 1106523, 908531, 5569230, 1053690]"
1768,"[899624, 994928, 1126899, 995785, 6034857]"
1769,"[1082185, 981760, 1022254, 995242, 8090537]"
1770,"[1082185, 979707, 1039156, 995242, 989101]"
1773,"[916122, 5569471, 1056509, 860776, 6534178]"
1774,"[995242, 965766, 1101173, 8090537, 951590]"
1775,"[1082185, 6534178, 893501, 5569471, 866211]"
1776,"[1082185, 849843, 1026118, 995242, 1126899]"
1778,"[1082185, 6534178, 826249, 961554, 981760]"
1779,"[1070820, 862349, 908531, 866227, 986912]"
1780,"[1106523, 1044078, 981760, 5592931, 951590]"
1781,"[1082185, 6534178, 6534166, 1028816, 860776]"
1783,"[1082185, 6534178, 981760, 1058997, 1126899]"
1784,"[979707, 1126899, 849843, 824005, 860776]"
1785,"[1082185, 840361, 1126899, 1058997, 866227]"
1787,"[1043590, 1133018, 833025, 849843, 981760]"
1788,"[6534178, 995242, 834484, 1003600, 1022254]"
1789,"[1082185, 883404, 1044078, 1005186, 1098066]"
1790,"[1022003, 1050229, 951590, 1082185, 834484]"
1791,"[995242, 845208, 1039156, 916122, 976199]"
1792,"[847982, 962229, 1133018, 1075368, 1039156]"
1793,"[1082185, 1106523, 1133018, 849843, 981760]"
1794,"[1106523, 866211, 1029743, 995242, 903325]"
1795,"[1082185, 8090521, 862349, 1070820, 1039156]"
1796,"[6534178, 965766, 1029743, 951590, 1106523]"
1797,"[1082185, 962568, 981760, 862349, 834484]"
1798,"[1082185, 5569471, 1026118, 995785, 1028816]"
1800,"[6534178, 1082185, 1058997, 908531, 979707]"
1801,"[1114597, 995242, 6534178, 5569230, 1092026]"
1802,"[1082185, 923746, 908846, 824005, 1005186]"
1803,"[1029743, 1022254, 951590, 860776, 826249]"
1804,"[1082185, 6534178, 995242, 1029743, 994928]"
1805,"[1005186, 1082185, 1106523, 995242, 1029743]"
1806,"[1029743, 893018, 1126899, 849843, 868764]"
1807,"[1082185, 1058997, 1126899, 923746, 1026118]"
1808,"[1029743, 844165, 976199, 1005186, 986912]"
1809,"[961554, 901062, 995242, 860776, 5569471]"
1810,"[994928, 6534178, 995785, 849843, 860776]"
1811,"[1106523, 1133018, 6534178, 1070015, 962229]"
1812,"[1058997, 976998, 6534178, 1070015, 834484]"
1814,"[995785, 1029743, 962229, 849843, 951590]"
1815,"[6534178, 1029743, 5569230, 849843, 995242]"
1816,"[1070820, 1029743, 6534178, 908531, 1028816]"
1817,"[1082185, 995242, 981760, 866211, 849843]"
1818,"[1133018, 883404, 5568378, 1098066, 859075]"
1821,"[1082185, 1106523, 5568378, 933835, 8090521]"
1822,"[1082185, 1106523, 844165, 995242, 1029743]"
1823,"[1082185, 916122, 1070820, 862349, 849843]"
1824,"[1038217, 962229, 1106523, 834484, 5569471]"
1826,"[995242, 908531, 1029743, 1022003, 999971]"
1829,"[1082185, 878996, 8090537, 995242, 1029743]"
1831,"[6534178, 1082185, 845208, 995785, 1058997]"
1832,"[1082185, 1058997, 849843, 986912, 976998]"
1833,"[908531, 1133018, 1070820, 994928, 1058997]"
1835,"[1082185, 6534178, 933835, 1005186, 986947]"
1836,"[1082185, 1058997, 6534178, 981760, 1126899]"
1837,"[995242, 6534178, 1082185, 854852, 8090521]"
1838,"[995242, 5569471, 1133018, 5569230, 953476]"
1839,"[1106523, 995242, 1133018, 883404, 1044078]"
1841,"[999858, 1022254, 994928, 860776, 1037863]"
1843,"[1070820, 908531, 844165, 5569230, 1028816]"
1844,"[903325, 1022254, 1026118, 916122, 995785]"
1845,"[1082185, 1127831, 1003188, 1126899, 878996]"
1846,"[1029743, 5569471, 908531, 5569230, 833025]"
1847,"[862349, 5569230, 951590, 995785, 840361]"
1848,"[6534178, 951590, 1082185, 1005186, 908531]"
1849,"[1082185, 1005186, 995242, 883404, 1029743]"
1850,"[1082185, 6534178, 862349, 834484, 860776]"
1853,"[1082185, 1043590, 1029743, 1075368, 953476]"
1854,"[1082185, 995242, 6534178, 1127831, 883404]"
1856,"[1082185, 883404, 1070820, 866227, 862349]"
1857,"[1029743, 995242, 908531, 6534178, 6533889]"
1858,"[1058997, 860776, 995785, 940947, 1126899]"
1861,"[1029743, 995242, 1044078, 995785, 5568378]"
1862,"[1082185, 6534178, 5569230, 1028816, 1005186]"
1864,"[1082185, 923746, 1022254, 995242, 903325]"
1865,"[862349, 908846, 986912, 1070820, 1058997]"
1867,"[5569471, 1126899, 6534178, 5569230, 1005186]"
1868,"[994928, 1133018, 844165, 995785, 1113588]"
1869,"[940947, 1126899, 916122, 923746, 1058997]"
1871,"[1082185, 824005, 834484, 1003600, 854852]"
1872,"[1082185, 1058997, 6534178, 923746, 995785]"
1873,"[1082185, 6534178, 5569230, 6533765, 1085604]"
1876,"[1082185, 1029743, 1106523, 995242, 1133018]"
1877,"[1029743, 995242, 883404, 962229, 1110572]"
1879,"[1082185, 976998, 1133018, 933835, 5569471]"
1880,"[1106523, 1133018, 908531, 883404, 1075368]"
1881,"[1082185, 995242, 6534178, 901062, 849843]"
1882,"[1082185, 1029743, 994928, 1070820, 1075368]"
1883,"[5569230, 883404, 1092026, 962229, 1085604]"
1884,"[1082185, 1029743, 6534178, 981760, 1022003]"
1885,"[1082185, 1058997, 6534178, 6533889, 1070015]"
1886,"[1106523, 844165, 1028816, 1005186, 1092026]"
1887,"[908531, 849843, 1126899, 820165, 981760]"
1889,"[1082185, 995242, 1075368, 976199, 903325]"
1890,"[1082185, 961554, 1126899, 1003600, 1058997]"
1891,"[908531, 995242, 1082185, 1106523, 983584]"
1892,"[1080414, 1133018, 866227, 1106523, 951590]"
1895,"[5569471, 1133018, 908531, 6034857, 962229]"
1896,"[1082185, 995242, 834484, 1133018, 1075368]"
1898,"[1082185, 995242, 1005186, 911812, 981760]"
1899,"[1082185, 1029743, 826249, 951590, 1098066]"
1900,"[1082185, 5569471, 940947, 1070820, 862349]"
1901,"[1082185, 995242, 951590, 879755, 849843]"
1903,"[1106523, 1133018, 868764, 6534178, 1113588]"
1904,"[1058997, 994928, 995242, 1126899, 883404]"
1906,"[849843, 995242, 981760, 844179, 909894]"
1907,"[916122, 995242, 976199, 6534178, 981760]"
1909,"[989075, 994928, 1133018, 5569230, 1044078]"
1911,"[6534178, 1070820, 1058997, 995242, 862349]"
1912,"[5585510, 1029743, 1022003, 1133018, 981760]"
1914,"[913785, 1051069, 995242, 1082185, 1029743]"
1916,"[1106523, 1133018, 1070015, 849843, 1053763]"
1917,"[923746, 840361, 1106523, 860776, 1133018]"
1918,"[1082185, 1029743, 995242, 868764, 6534178]"
1919,"[1133018, 1106523, 1113588, 6534178, 908531]"
1920,"[1127831, 862349, 995785, 1082185, 1070820]"
1922,"[1082185, 1126899, 1058997, 849843, 1005186]"
1923,"[6534178, 903325, 961554, 847270, 860776]"
1924,"[995242, 908531, 983584, 940947, 883404]"
1925,"[1082185, 1106523, 6534178, 981760, 6034857]"
1926,"[914190, 6533889, 923746, 976199, 833025]"
1927,"[951590, 923746, 1029743, 1044078, 1106523]"
1928,"[908531, 862349, 1053690, 983584, 1085604]"
1929,"[981760, 951590, 929668, 1024306, 933835]"
1930,"[1029743, 1106523, 5569230, 1075368, 1005186]"
1931,"[1082185, 923746, 849843, 840361, 1133018]"
1932,"[1082185, 6534178, 1022003, 951590, 916122]"
1935,"[6533889, 1005186, 1126899, 1058997, 916122]"
1936,"[1029743, 6534178, 962229, 1085604, 844179]"
1937,"[1082185, 826249, 962229, 862349, 1070820]"
1939,"[6534178, 859075, 844179, 995242, 833025]"
1940,"[1082185, 1026118, 995785, 1028816, 860776]"
1941,"[1106523, 1133018, 883404, 1044078, 986912]"
1942,"[5569230, 1106523, 5585510, 883404, 1133018]"
1943,"[1029743, 1106523, 908531, 6534178, 883404]"
1944,"[1082185, 1070820, 6534178, 1029743, 1022254]"
1945,"[981760, 995242, 883404, 1029743, 1070820]"
1946,"[862349, 1082185, 1070820, 923746, 987562]"
1947,"[1082185, 5568378, 951590, 1126899, 933835]"
1948,"[1058997, 976998, 1065593, 907014, 849843]"
1949,"[1044078, 923746, 962229, 866227, 1081177]"
1950,"[1106523, 995242, 1070015, 883404, 5592931]"
1951,"[1082185, 1055646, 916122, 1004906, 1080414]"
1952,"[1029743, 6534178, 849843, 965766, 976998]"
1953,"[849843, 986912, 1004906, 916122, 1071939]"
1954,"[1005186, 1026118, 899624, 1028816, 976998]"
1955,"[1082185, 981760, 989101, 1133018, 883404]"
1956,"[1070820, 5569471, 862349, 5568378, 1058997]"
1957,"[1082185, 938700, 962229, 1055646, 5568378]"
1958,"[1026118, 1005186, 981760, 6034857, 824005]"
1959,"[995242, 5569471, 923746, 1022003, 962229]"
1960,"[908531, 1044078, 862349, 6534178, 1070820]"
1961,"[849843, 1106523, 826249, 995242, 1126899]"
1962,"[6534166, 976199, 1082185, 995242, 1005186]"
1963,"[834484, 979707, 903325, 859075, 5569471]"
1964,"[979707, 994928, 986912, 1022254, 860776]"
1965,"[908531, 866227, 1058997, 1082185, 883404]"
1966,"[1082185, 862349, 878996, 1070820, 986947]"
1967,"[995242, 1056509, 849843, 6534178, 860776]"
1968,"[1082185, 995242, 1028816, 849843, 981760]"
1969,"[1029743, 995242, 860776, 1065593, 1098066]"
1970,"[1133018, 5569230, 883404, 1113588, 1092026]"
1971,"[899624, 1070820, 1029743, 1058997, 6534178]"
1975,"[6534178, 1082185, 995242, 951590, 840361]"
1976,"[999971, 1106523, 1133018, 1053690, 1065593]"
1978,"[1082185, 1029743, 1058997, 1126899, 5569471]"
1979,"[1082185, 1026118, 1133018, 995242, 1106523]"
1981,"[1070820, 1126899, 860776, 845208, 1098066]"
1982,"[1082185, 834484, 962568, 6533889, 995785]"
1983,"[1029743, 5569230, 981760, 866211, 862349]"
1985,"[1082185, 840361, 5569230, 1106523, 962229]"
1987,"[1082185, 1029743, 1106523, 995242, 1133018]"
1988,"[923746, 6534178, 908531, 1106523, 961554]"
1989,"[1082185, 6534178, 866227, 834484, 1005186]"
1990,"[1029743, 1082185, 840361, 6534178, 1126899]"
1991,"[995242, 6534178, 1070015, 5569230, 883404]"
1992,"[1082185, 1029743, 995242, 6534178, 1050229]"
1993,"[6534178, 844165, 1133018, 860776, 883404]"
1994,"[1070820, 1126899, 1044078, 849843, 981760]"
1995,"[1082185, 923746, 1029743, 1133018, 995242]"
1996,"[1126899, 981760, 1058997, 5569471, 1070820]"
1997,"[6534178, 976199, 903325, 995785, 1058997]"
1998,"[5592931, 1133018, 908531, 1065593, 1106523]"
1999,"[1082185, 1114597, 995242, 844165, 896369]"
2000,"[1029743, 1058997, 995242, 962229, 824005]"
2001,"[1082185, 933835, 951590, 986912, 1126899]"
2003,"[1082185, 1058997, 5569471, 1005186, 1022003]"
2004,"[981760, 995242, 951590, 5568378, 849843]"
2005,"[1029743, 844165, 995785, 849843, 986912]"
2006,"[1082185, 1133018, 860776, 893501, 903325]"
2007,"[1082185, 6534178, 981760, 849843, 903325]"
2008,"[1058997, 995242, 1126899, 981760, 961554]"
2010,"[1082185, 1133018, 908531, 883404, 1044078]"
2011,"[893501, 1065593, 1006184, 1005186, 847982]"
2012,"[6534178, 916122, 908531, 5569230, 1133018]"
2014,"[1082185, 1106523, 1133018, 995785, 5592931]"
2015,"[1082185, 1029743, 940947, 981760, 916122]"
2016,"[1133018, 1113588, 1005186, 1065593, 976998]"
2017,"[1082185, 6534178, 840361, 860776, 1120741]"
2018,"[1082185, 923746, 1127831, 1028816, 1106523]"
2019,"[849843, 883404, 859075, 1110572, 953476]"
2020,"[1082185, 1029743, 878996, 860776, 854852]"
2021,"[1044078, 981760, 951590, 866211, 847982]"
2022,"[1082185, 1029743, 6534178, 854852, 995242]"
2023,"[1055863, 826249, 5569374, 6534178, 860776]"
2025,"[1082185, 6534178, 940947, 1106523, 1029743]"
2026,"[923746, 833025, 866211, 916122, 1096036]"
2027,"[994928, 995242, 1070015, 995785, 1005186]"
2028,"[5568378, 1045220, 5569230, 1029743, 951590]"
2029,"[1082185, 1133018, 1028816, 962229, 916122]"
2030,"[1029743, 840361, 1056509, 5569471, 995242]"
2031,"[1106523, 1133018, 995785, 953476, 1120741]"
2032,"[1058997, 1070820, 6534178, 5569230, 883404]"
2033,"[1029743, 979707, 995242, 6534166, 995785]"
2034,"[6534178, 1082185, 1058997, 916122, 995785]"
2036,"[1082185, 1106523, 961554, 1126899, 933835]"
2037,"[1082185, 994928, 849843, 981760, 1029743]"
2038,"[849843, 844165, 840361, 1029743, 923746]"
2039,"[1082185, 849843, 911812, 1080414, 908531]"
2040,"[1085604, 1029743, 995242, 5592931, 6534178]"
2041,"[6534178, 940947, 923746, 5569471, 962568]"
2042,"[6034857, 1126899, 923746, 1082185, 1029743]"
2043,"[849843, 847982, 1053690, 1062966, 927191]"
2046,"[1070820, 995242, 5569230, 1110572, 903325]"
2047,"[1082185, 879755, 933835, 6534166, 8090537]"
2048,"[1133018, 6534178, 1106523, 1075368, 878996]"
2049,"[976199, 981760, 1071939, 1056509, 1098066]"
2050,"[6534178, 1058997, 923746, 899624, 1126899]"
2055,"[1133018, 6534178, 1028816, 1022003, 976998]"
2056,"[1133018, 908531, 1106523, 962229, 1029743]"
2057,"[6534178, 1070820, 1082185, 908531, 862349]"
2058,"[1082185, 961554, 860776, 903325, 986912]"
2059,"[1058997, 908531, 1126899, 5569230, 995785]"
2060,"[1029743, 5569471, 908531, 5569230, 849843]"
2062,"[1058997, 1029743, 995242, 1133018, 1070015]"
2063,"[923746, 1082185, 1022254, 1005186, 909894]"
2064,"[1005186, 860776, 1028816, 1095275, 995242]"
2065,"[1029743, 844179, 8090521, 995242, 883404]"
2068,"[1022003, 1070820, 1082185, 862349, 961554]"
2070,"[908531, 994928, 866227, 1058997, 1080414]"
2071,"[979707, 1044078, 999971, 1004906, 1081177]"
2072,"[1070820, 1026118, 995785, 849843, 981760]"
2075,"[883404, 1065593, 995242, 6533889, 1029743]"
2076,"[1082185, 981760, 6534178, 854852, 1058997]"
2077,"[1082185, 1106523, 903325, 847270, 840361]"
2079,"[1028816, 908846, 1026118, 923746, 1106523]"
2080,"[981760, 962229, 826249, 995785, 1133018]"
2081,"[1043590, 1106523, 927191, 1133018, 883404]"
2082,"[6534178, 916122, 995242, 994928, 909714]"
2083,"[1082185, 6534178, 981760, 1070820, 845208]"
2084,"[1082185, 6534166, 1070820, 847982, 981760]"
2085,"[6534178, 860776, 962229, 1029743, 1101010]"
2086,"[962568, 834484, 860776, 1037863, 868764]"
2087,"[6534178, 5569230, 8090521, 1085604, 860975]"
2088,"[962568, 840361, 995242, 1022003, 1029743]"
2089,"[1126899, 1082185, 1106523, 995242, 1029743]"
2090,"[995242, 923746, 883404, 1085604, 1004906]"
2091,"[1082185, 995242, 923746, 901062, 916122]"
2094,"[1082185, 961554, 1070820, 862349, 927191]"
2095,"[6534178, 951590, 6533765, 1068719, 1133018]"
2099,"[1029743, 995242, 6534178, 1026118, 1005186]"
2100,"[1082185, 1133018, 1022003, 1106523, 860776]"
2101,"[1029743, 1070820, 849843, 981760, 1098066]"
2102,"[1082185, 995242, 5569230, 962229, 940947]"
2103,"[1082185, 962568, 1022254, 893501, 1007195]"
2105,"[1106523, 1133018, 923746, 1005186, 981760]"
2108,"[923746, 834484, 1029743, 995242, 1133018]"
2109,"[923746, 1096036, 981760, 893018, 883404]"
2110,"[1082185, 1029743, 6034857, 1106523, 995242]"
2111,"[908531, 1058997, 6534178, 1126899, 866227]"
2112,"[1082185, 995785, 1029743, 1126899, 860776]"
2114,"[1082185, 1005186, 986912, 901062, 866211]"
2115,"[1082185, 6534178, 5569471, 826249, 1070820]"
2116,"[1082185, 6534178, 981760, 862349, 1070820]"
2119,"[6534178, 965766, 961554, 1029743, 916122]"
2120,"[1082185, 480014, 1029743, 1106523, 995242]"
2121,"[1082185, 6534178, 995242, 860776, 5569230]"
2122,"[1082185, 1029743, 1106523, 995242, 1133018]"
2123,"[826249, 995242, 840361, 5569230, 883404]"
2124,"[6534178, 1082185, 840361, 1126899, 854852]"
2125,"[1082185, 1029743, 995242, 6534178, 911812]"
2126,"[868764, 1082185, 824005, 6034857, 1028816]"
2129,"[1082185, 995785, 995242, 5569471, 860776]"
2130,"[1082185, 1133018, 903325, 1106523, 994928]"
2131,"[965766, 986912, 903325, 987562, 1029743]"
2132,"[995242, 1133018, 995785, 849843, 901062]"
2133,"[6534178, 1082185, 840361, 1058997, 1126899]"
2134,"[1082185, 916122, 844179, 951590, 962229]"
2135,"[995242, 883404, 1028816, 849843, 986912]"
2136,"[1082185, 981760, 1058997, 901062, 834484]"
2137,"[995242, 6534178, 840361, 883404, 860975]"
2138,"[999971, 1053690, 893501, 844165, 995242]"
2139,"[1029743, 995242, 6534178, 1005186, 933835]"
2141,"[1082185, 914190, 951590, 1070820, 1120741]"
2142,"[1082185, 1029743, 883404, 1022003, 1038217]"
2145,"[1082185, 1058997, 1133018, 6534178, 995785]"
2146,"[1029743, 1106523, 995242, 908531, 914190]"
2147,"[1082185, 1096036, 840361, 961554, 1133018]"
2148,"[1101010, 951590, 1022254, 1133018, 981760]"
2149,"[1082185, 6534166, 1106523, 923746, 981760]"
2151,"[1082185, 1029743, 1133018, 849843, 986912]"
2153,"[1029743, 995242, 923746, 1044078, 1005186]"
2154,"[1106523, 986947, 883404, 1133018, 1024306]"
2155,"[923746, 1028816, 981760, 999971, 961554]"
2156,"[8090537, 1029743, 995242, 1022254, 1058997]"
2158,"[833025, 6534178, 862349, 995785, 981760]"
2159,"[849843, 8090537, 1106523, 6534178, 5592931]"
2160,"[1082185, 916122, 999971, 903325, 834484]"
2161,"[5569230, 1126899, 951590, 1053690, 826249]"
2162,"[1082185, 995242, 1096036, 6534178, 849843]"
2163,"[908531, 1082185, 5569471, 1106523, 995242]"
2167,"[1082185, 1106523, 908531, 844165, 849843]"
2168,"[1082185, 995785, 1044078, 916381, 847982]"
2169,"[1133018, 1126899, 849843, 860776, 908846]"
2170,"[908531, 1092026, 844165, 8090537, 5569230]"
2171,"[1050229, 826249, 951590, 986912, 854852]"
2172,"[995965, 1029743, 1082185, 979707, 1070820]"
2173,"[868764, 1080414, 951590, 844165, 925514]"
2174,"[1058997, 1126899, 1075368, 1005186, 866211]"
2175,"[1114597, 1133018, 995785, 824005, 916122]"
2176,"[1106523, 1133018, 883404, 833025, 1404121]"
2179,"[979707, 1085604, 6534178, 844165, 860776]"
2181,"[1082185, 5569230, 1126899, 914190, 933835]"
2182,"[1029743, 1106523, 1092026, 1053690, 1005186]"
2183,"[1082185, 6534178, 1029743, 995242, 981760]"
2184,"[6534178, 1070015, 1005186, 8090521, 951590]"
2185,"[6534166, 961554, 1082185, 1068719, 8090521]"
2186,"[1133018, 1075368, 899624, 951590, 1106523]"
2188,"[1101010, 1133018, 1106523, 933835, 6534178]"
2189,"[5569230, 1082185, 983584, 962229, 6534178]"
2190,"[6534178, 962229, 1133018, 908531, 1039156]"
2193,"[1082185, 979707, 8090537, 1070820, 6534178]"
2194,"[6534178, 1082185, 981760, 995242, 995785]"
2195,"[1126899, 1058997, 868764, 1082185, 981760]"
2196,"[1082185, 995242, 844165, 981760, 5569374]"
2197,"[5569471, 1133018, 5569230, 981760, 951590]"
2198,"[844179, 6534178, 995242, 1065593, 1056509]"
2199,"[1082185, 962568, 6534178, 1101010, 860776]"
2200,"[1082185, 844179, 6534178, 995785, 916122]"
2202,"[1082185, 1029743, 995242, 6534178, 1404121]"
2203,"[981760, 6534178, 1029743, 1082185, 995242]"
2204,"[1082185, 1026118, 5592931, 951590, 860776]"
2205,"[1082185, 1029743, 995242, 908531, 1070015]"
2206,"[1029743, 868764, 844165, 981760, 951590]"
2207,"[995242, 1133018, 1005186, 849843, 986912]"
2208,"[995785, 962229, 981760, 940947, 1133018]"
2209,"[1082185, 1029743, 981760, 1127831, 1039156]"
2211,"[1082185, 6533889, 862349, 1126899, 1058997]"
2212,"[1082185, 1029743, 1106523, 995242, 1133018]"
2213,"[1106523, 1070820, 1126899, 995785, 860776]"
2214,"[1082185, 1029743, 995242, 868764, 6534178]"
2215,"[1106523, 1133018, 995785, 981760, 866211]"
2217,"[6534178, 923746, 862349, 840361, 1070820]"
2221,"[1082185, 1058997, 1126899, 849843, 862349]"
2222,"[995242, 5569230, 1075368, 981760, 951590]"
2223,"[1058997, 1133018, 5568378, 1110572, 1085604]"
2224,"[862349, 1070820, 1005186, 995242, 1029743]"
2225,"[1058997, 1070820, 5569471, 1126899, 824005]"
2226,"[1082185, 6534178, 1106523, 1126899, 1058997]"
2228,"[1106523, 1133018, 868764, 6534178, 923746]"
2229,"[862349, 1070820, 1082185, 1058997, 1053690]"
2231,"[1082185, 981760, 1058997, 1070820, 995785]"
2233,"[1082185, 6534178, 834484, 908846, 1058997]"
2234,"[1082185, 6534178, 1133018, 1022254, 866227]"
2235,"[951590, 6533889, 976199, 6534166, 903325]"
2237,"[1082185, 6534178, 961554, 994928, 916122]"
2238,"[849843, 1029743, 1082185, 883404, 1133018]"
2239,"[908531, 995242, 999971, 844165, 1029743]"
2240,"[1106523, 5569230, 5568378, 1070015, 1053690]"
2241,"[1029743, 995242, 1082185, 923746, 908531]"
2243,"[981760, 849843, 1029743, 995242, 840361]"
2244,"[995242, 5568378, 883404, 1029743, 1038217]"
2245,"[1082185, 849843, 6534178, 995785, 860776]"
2247,"[995785, 883404, 1106523, 1101173, 849843]"
2248,"[994928, 1126899, 1070015, 883404, 995785]"
2250,"[1029743, 995242, 6534178, 8090521, 849843]"
2252,"[6534178, 995242, 1029743, 981760, 1058997]"
2253,"[1058997, 1133018, 908531, 6534178, 849843]"
2256,"[1070820, 914190, 976199, 1404121, 860776]"
2257,"[1082185, 1029743, 1106523, 995242, 1133018]"
2258,"[1029743, 1126899, 1028816, 849843, 866211]"
2259,"[1082185, 1029743, 1106523, 995242, 1133018]"
2260,"[6534178, 1029743, 995242, 868764, 951590]"
2261,"[1082185, 1106523, 916122, 951590, 6534178]"
2262,"[1082185, 6534178, 849843, 986912, 862349]"
2263,"[1082185, 995242, 908531, 849843, 976998]"
2264,"[1082185, 840361, 860776, 916122, 961554]"
2266,"[1082185, 862349, 6034857, 834484, 1026118]"
2267,"[849843, 1126899, 1005186, 1058997, 844165]"
2269,"[899624, 1082185, 844179, 951590, 5569230]"
2270,"[1082185, 995242, 951590, 1005186, 857849]"
2271,"[1082185, 1058997, 995242, 908531, 986912]"
2272,"[1082185, 1037863, 1133018, 914190, 1081177]"
2273,"[1082185, 1029743, 995242, 923746, 981760]"
2274,"[1082185, 1028816, 908846, 834484, 8090521]"
2275,"[995242, 883404, 986947, 916122, 1044078]"
2276,"[1082185, 908531, 995785, 849843, 951590]"
2277,"[1106523, 1133018, 908531, 1075368, 953476]"
2278,"[1058997, 979707, 1070820, 995785, 901062]"
2279,"[8090537, 844165, 883404, 1120741, 868764]"
2280,"[1082185, 951590, 6534178, 1101010, 862349]"
2281,"[1082185, 5569230, 6034857, 916122, 1126899]"
2282,"[995785, 1028816, 903325, 1070820, 862349]"
2283,"[1082185, 6534178, 1070820, 1106523, 1126899]"
2284,"[1082185, 1070820, 981760, 916122, 5569471]"
2285,"[1058997, 824005, 6534178, 961554, 995785]"
2287,"[1024306, 1058997, 1082185, 1029743, 923746]"
2288,"[1082185, 1058997, 1070820, 1126899, 986912]"
2289,"[1029743, 834484, 883404, 1080414, 995242]"
2290,"[1029743, 844165, 1092026, 1085604, 879755]"
2291,"[1082185, 1106523, 1029743, 6534178, 995242]"
2292,"[883404, 1039156, 826249, 6534178, 995242]"
2293,"[1082185, 1070820, 1126899, 6534178, 6034857]"
2294,"[923746, 1082185, 995785, 1029743, 1106523]"
2295,"[859075, 995785, 1056509, 1106523, 976199]"
2296,"[1013321, 1029743, 938700, 981760, 1101010]"
2297,"[1082185, 1106523, 849843, 961554, 866227]"
2298,"[871756, 923746, 995242, 916122, 1133018]"
2299,"[1082185, 1114597, 1026118, 995785, 866211]"
2300,"[1082185, 1029743, 994928, 929668, 903325]"
2301,"[1029743, 908531, 6534178, 1070015, 883404]"
2302,"[1029743, 995242, 995785, 868764, 834484]"
2303,"[1082185, 1029743, 908531, 1133018, 5569230]"
2305,"[1082185, 840361, 1029743, 1056509, 995242]"
2307,"[1082185, 6534178, 1006184, 860776, 995242]"
2308,"[1029743, 994928, 923746, 862349, 916122]"
2310,"[1043590, 995242, 844165, 1070015, 981760]"
2312,"[862349, 916122, 840361, 1070820, 6034857]"
2314,"[962568, 908846, 985999, 840361, 1126899]"
2315,"[1082185, 1029743, 1106523, 995242, 1133018]"
2317,"[1082185, 860776, 995242, 834484, 1029743]"
2319,"[1022003, 1029743, 1082185, 844165, 5569230]"
2322,"[1082185, 909714, 834484, 854852, 1127831]"
2323,"[1082185, 995242, 6534178, 1005186, 909714]"
2324,"[1082185, 1029743, 961554, 995242, 909714]"
2325,"[1082185, 6534178, 1029743, 995242, 1106523]"
2328,"[1082185, 951590, 866211, 981760, 916122]"
2330,"[1082185, 6534178, 1056509, 901062, 1126899]"
2331,"[6534178, 859075, 833025, 844179, 840361]"
2333,"[1082185, 1029743, 908531, 6534178, 862349]"
2334,"[5568378, 1029743, 951590, 953476, 1065593]"
2335,"[1082185, 995242, 1029743, 1133018, 908531]"
2336,"[1029743, 1106523, 5569471, 833025, 5568378]"
2337,"[1082185, 1133018, 834484, 999971, 1120741]"
2338,"[1106523, 981760, 1082185, 6534178, 1058997]"
2339,"[1106523, 986912, 5568378, 824005, 962229]"
2340,"[1106523, 927191, 1133018, 6534178, 883404]"
2341,"[833025, 1118393, 1065593, 844165, 1044078]"
2342,"[6534178, 995242, 1029743, 840361, 883404]"
2343,"[6534178, 1092026, 1029743, 995242, 859075]"
2344,"[1133018, 6534178, 923746, 5569230, 995785]"
2345,"[995242, 1065593, 5569230, 1029743, 962229]"
2347,"[1082185, 995242, 1029743, 6534178, 8090521]"
2349,"[1082185, 994928, 1070820, 908531, 6534178]"
2350,"[1029743, 995242, 6534178, 883404, 951590]"
2351,"[6534178, 987562, 909714, 845208, 916122]"
2352,"[1082185, 5569471, 1133018, 981760, 965766]"
2354,"[1082185, 981760, 866211, 916122, 860776]"
2359,"[1044078, 965766, 1106523, 883404, 1133018]"
2360,"[6534178, 995242, 909714, 1029743, 961554]"
2361,"[1126899, 1004906, 1082185, 981760, 866211]"
2363,"[1070820, 866211, 908846, 834484, 1033142]"
2364,"[1082185, 1106523, 1029743, 1133018, 951590]"
2366,"[6534178, 995242, 1044078, 908531, 1004906]"
2368,"[1029743, 995242, 1126899, 868764, 1056509]"
2369,"[1082185, 1029743, 6534178, 951590, 933835]"
2370,"[6533889, 5569471, 1070015, 916122, 862349]"
2372,"[1082185, 1029743, 995242, 951590, 862349]"
2373,"[1082185, 1029743, 1106523, 995242, 1133018]"
2374,"[1070820, 1082185, 1037863, 908531, 862349]"
2375,"[899624, 923746, 1133018, 1106523, 849843]"
2376,"[1082185, 6534178, 1029743, 862349, 826249]"
2377,"[6534178, 1096036, 826249, 1082185, 995242]"
2378,"[1082185, 995785, 1029743, 995242, 860776]"
2379,"[1058997, 1126899, 995785, 1005186, 981760]"
2380,"[6534178, 1082185, 995242, 1029743, 840361]"
2381,"[1133018, 916122, 849843, 1065593, 994928]"
2385,"[1029743, 1133018, 6534178, 1005186, 986912]"
2386,"[6534178, 883404, 1106523, 860776, 1070015]"
2387,"[1058997, 940947, 1126899, 868764, 866211]"
2388,"[1029743, 1106523, 908531, 883404, 951590]"
2389,"[1082185, 1029743, 995242, 883404, 995785]"
2392,"[965766, 1133018, 5568378, 1004906, 995785]"
2393,"[976199, 1028816, 961554, 903325, 1065593]"
2394,"[1082185, 1133018, 6534178, 995785, 866211]"
2395,"[995242, 923746, 994928, 1114597, 5569230]"
2397,"[1082185, 1053690, 940947, 844165, 1133018]"
2399,"[1082185, 1043590, 1106523, 1029743, 6534178]"
2400,"[6533765, 916122, 1106523, 1133018, 6534166]"
2401,"[1106523, 845208, 878996, 1082185, 1133018]"
2404,"[1082185, 995242, 1029743, 1106523, 6534178]"
2405,"[6534178, 6533765, 5568378, 995242, 824005]"
2406,"[878996, 1082185, 1126899, 6534178, 1058997]"
2407,"[1039156, 6533889, 5569374, 826249, 995242]"
2408,"[1082185, 1029743, 962229, 940947, 923746]"
2410,"[5569230, 5569471, 1106523, 981760, 1070820]"
2412,"[1133018, 1106523, 844165, 981760, 951590]"
2416,"[6534178, 1126899, 1058997, 840361, 1029743]"
2418,"[1029743, 866227, 1022003, 1044078, 1005186]"
2420,"[6534178, 1022003, 1096036, 1043590, 6533765]"
2421,"[1082185, 5569471, 981760, 903325, 1058997]"
2424,"[1022003, 1038217, 962229, 6034857, 834484]"
2425,"[6533889, 1029743, 1082185, 6534178, 995242]"
2426,"[844165, 995242, 1029743, 1044078, 6534178]"
2427,"[1082185, 6534178, 1058997, 981760, 929668]"
2429,"[899624, 1029743, 1106523, 995242, 995785]"
2431,"[1133018, 923746, 849843, 981760, 5592931]"
2434,"[1106523, 1133018, 923746, 1005186, 5592931]"
2435,"[995242, 1029743, 847982, 878996, 908531]"
2437,"[1082185, 1070820, 995785, 840361, 866211]"
2438,"[1058997, 5703832, 868764, 995785, 824005]"
2439,"[1058997, 994928, 908531, 1126899, 923746]"
2440,"[1043590, 1106523, 1133018, 1070015, 6533765]"
2441,"[908531, 1029743, 1082185, 995242, 1033142]"
2442,"[1058997, 940947, 1126899, 868764, 5569230]"
2445,"[1029743, 995242, 6534178, 868764, 1110572]"
2446,"[962568, 6533889, 834484, 962229, 1126899]"
2447,"[1082185, 860776, 868764, 1127831, 1058997]"
2448,"[1082185, 1004906, 5568378, 1133018, 847982]"
2449,"[1082185, 1029743, 5569471, 834484, 1058997]"
2450,"[1082185, 6534178, 862349, 860975, 1070820]"
2451,"[1082185, 903325, 834484, 981760, 1022254]"
2452,"[1106523, 844165, 1070015, 1005186, 981760]"
2453,"[1082185, 1070820, 1005186, 1053690, 1095275]"
2455,"[844179, 1029743, 5569471, 883404, 951590]"
2456,"[1058997, 995242, 1126899, 995785, 862349]"
2457,"[1082185, 1106523, 1133018, 901062, 840361]"
2458,"[1058997, 994928, 901062, 8090521, 968215]"
2459,"[1029743, 6534178, 995242, 6533765, 1070820]"
2460,"[5569471, 5569230, 849843, 5568378, 862349]"
2461,"[1058997, 6034857, 901062, 908846, 909714]"
2462,"[961554, 901062, 6034857, 903325, 995242]"
2464,"[1070820, 1404121, 862349, 903325, 840361]"
2465,"[986912, 1037863, 994928, 1033142, 981760]"
2466,"[1029743, 824555, 1106523, 951590, 923746]"
2467,"[908531, 1126899, 1124729, 1058997, 1127831]"
2470,"[979707, 995242, 6534178, 1026118, 995785]"
2471,"[1058997, 923746, 1126899, 844165, 1120741]"
2472,"[1082185, 1029743, 1005186, 981760, 986912]"
2475,"[1070820, 5569471, 1039156, 1082185, 862349]"
2477,"[1058997, 1126899, 6534178, 844165, 1092026]"
2478,"[965766, 1082185, 979707, 849843, 1005186]"
2479,"[951590, 6534178, 981760, 916122, 1101010]"
2481,"[1082185, 6534178, 883404, 1029743, 1056509]"
2482,"[1029743, 1106523, 844165, 923746, 1092026]"
2483,"[1082185, 995242, 878996, 951590, 862349]"
2484,"[1029743, 6534178, 995242, 883404, 849843]"
2485,"[927191, 995242, 5569471, 5569230, 883404]"
2486,"[1022003, 1133018, 1029743, 5569230, 6534178]"
2488,"[981760, 933835, 6534178, 1070820, 951590]"
2489,"[1068719, 1082185, 1029743, 6534178, 923746]"
2492,"[883404, 1003188, 1005186, 1106523, 6534178]"
2494,"[1082185, 862349, 1071939, 840361, 1070820]"
2496,"[1056509, 916122, 995785, 1133018, 1106523]"
2497,"[845208, 860776, 1070820, 8090537, 834484]"
2498,"[1053690, 1082185, 1070820, 1106523, 1005186]"
2499,"[5568378, 1070820, 6533889, 1085604, 1098066]"
2500,"[1082185, 6534178, 981760, 1056509, 1077555]"
